,N1,N10,N11,N12,N13,N14,N15,N16,N17,N18,N19,N2,N20,N21,N22,N23,N24,N25,N26,N27,N28,N29,N3,N30,N31,N32,N33,N34,N35,N36,N37,N38,N39,N4,N40,N41,N42,N43,N44,N45,N46,N47,N48,N49,N5,N50,N51,N52,N53,N54,N55,N56,N57,N58,N59,N6,N60,N61,N62,N63,N64,N65,N66,N67,N68,N69,N7,N70,N71,N72,N73,N74,N75,N76,N77,N78,N79,N8,N80,N81,N82,N83,N84,N85,N86,N87,N9
N1,0,0.358,0.762,0.259,0.052,1.361,0.849,3.829,1.7269999999999999,0.514,0.056,0.127,1.294,0.495,0.356,0.109,3.181,1.304,0.393,2.4090000000000003,2.668,0.208,3.0740000000000003,0.395,0.344,0.9149999999999999,0.22,0.363,1.103,1.861,1.229,0.471,0.725,0.53,1.3980000000000001,1.5230000000000001,3.0770000000000004,0.33099999999999996,2.9890000000000003,1.8330000000000002,0.995,2.161,0.87,2.111,0.44699999999999995,2.173,0.098,3.7610000000000006,0.155,4.133000000000001,0.687,2.025,1.1280000000000001,2.716,2.83,4.345,0.34,1.815,2.618,2.717,1.2469999999999999,2.071,0.136,0.086,3.4800000000000004,0.182,2.112,0.424,0.302,2.461,3.5160000000000005,0.265,2.191,1.762,0.181,1.747,0.275,0.238,0.732,0.702,0.738,2.736,1.292,4.554,0.744,0.348,1.213
N10,0.358,0,0.76,0.42300000000000004,0.40900000000000003,1.359,0.665,3.993,1.543,0.158,0.414,0.30500000000000005,1.6510000000000002,0.8520000000000001,0.52,0.466,2.997,1.12,0.035,2.2249999999999996,2.4839999999999995,0.5650000000000001,3.431,0.7520000000000001,0.554,0.731,0.21000000000000002,0.7200000000000001,0.919,2.218,1.045,0.635,0.878,0.354,1.562,1.687,3.434,0.147,3.346,1.9969999999999999,1.286,2.3249999999999997,1.161,2.468,0.432,2.3369999999999997,0.261,4.118,0.319,4.49,0.851,1.841,1.292,2.88,2.646,4.161,0.6970000000000001,1.6309999999999998,2.7819999999999996,2.881,1.063,2.41,0.322,0.272,3.8369999999999997,0.176,1.9279999999999997,0.248,0.128,2.818,3.8729999999999998,0.093,2.482,2.119,0.178,2.104,0.09,0.236,0.885,0.687,0.865,3.093,1.456,4.911,0.88,0.33,1.211
N11,0.762,0.76,0,1.0010000000000001,0.8140000000000001,0.599,0.107,3.242,1.6219999999999999,0.916,0.706,0.881,1.944,1.145,1.098,0.759,3.0759999999999996,0.562,0.795,2.3040000000000003,2.563,0.9700000000000001,3.491,1.045,1.106,0.8099999999999999,0.786,1.03,0.998,1.869,1.124,1.213,1.456,0.932,0.811,0.936,3.494,0.617,3.406,1.246,1.645,1.574,1.52,2.528,1.01,1.586,0.665,4.178,0.607,4.55,0.1,1.92,0.541,2.129,2.725,4.24,0.99,1.71,2.031,2.13,1.142,1.659,0.896,0.846,3.705,0.75,2.007,0.8260000000000001,0.7040000000000001,3.1109999999999998,3.669,0.667,2.841,2.412,0.5820000000000001,2.397,0.674,0.524,1.4629999999999999,1.2650000000000001,1.443,3.153,0.7050000000000001,4.971,1.458,0.908,0.451
N12,0.259,0.42300000000000004,1.001,0,0.30300000000000005,1.5999999999999999,1.088,4.034000000000001,1.9659999999999997,0.265,0.315,0.132,1.3850000000000002,0.5860000000000001,0.097,0.36000000000000004,3.42,1.5430000000000001,0.388,2.648,2.907,0.267,3.1650000000000005,0.48600000000000004,0.131,1.154,0.221,0.42200000000000004,1.3419999999999999,1.9520000000000002,1.468,0.21200000000000002,0.466,0.273,1.645,1.77,3.1680000000000006,0.57,3.0800000000000005,2.08,0.863,2.408,0.738,2.2020000000000004,0.188,2.42,0.34400000000000003,3.8520000000000008,0.402,4.224000000000001,0.934,2.264,1.375,2.963,3.069,4.584,0.462,2.054,2.8649999999999998,2.964,1.4859999999999998,2.1620000000000004,0.21600000000000003,0.17300000000000001,3.5710000000000006,0.259,2.351,0.175,0.297,2.552,3.6070000000000007,0.33399999999999996,2.059,1.8530000000000002,0.419,1.8380000000000003,0.513,0.477,0.47300000000000003,0.443,0.47900000000000004,2.8270000000000004,1.539,4.6450000000000005,0.48500000000000004,0.093,1.452
N13,0.052,0.40900000000000003,0.8140000000000001,0.303,0,1.413,0.901,3.8810000000000002,1.779,0.56,0.108,0.17099999999999999,1.242,0.44300000000000006,0.4,0.057,3.2329999999999997,1.356,0.44100000000000006,2.4610000000000003,2.72,0.156,3.0220000000000002,0.343,0.29200000000000004,0.967,0.266,0.311,1.155,1.809,1.2810000000000001,0.48500000000000004,0.7390000000000001,0.576,1.4500000000000002,1.5750000000000002,3.0250000000000004,0.383,2.9370000000000003,1.8850000000000002,0.9430000000000001,2.213,0.8180000000000001,2.059,0.491,2.225,0.15,3.7090000000000005,0.20700000000000002,4.081,0.7390000000000001,2.077,1.1800000000000002,2.7680000000000002,2.882,4.397,0.28800000000000003,1.867,2.67,2.769,1.299,2.019,0.087,0.137,3.428,0.233,2.164,0.47000000000000003,0.34800000000000003,2.409,3.464,0.316,2.1390000000000002,1.71,0.23299999999999998,1.695,0.32699999999999996,0.29000000000000004,0.7460000000000001,0.746,0.7520000000000001,2.684,1.344,4.502000000000001,0.7580000000000001,0.394,1.2650000000000001
N14,1.361,1.359,0.599,1.5999999999999999,1.413,0,0.706,2.668,2.2209999999999996,1.515,1.305,1.48,2.069,1.744,1.6969999999999998,1.3579999999999999,3.675,0.267,1.394,2.903,3.162,1.569,3.124,1.644,1.705,1.4089999999999998,1.385,1.629,1.5969999999999998,1.502,1.7229999999999999,1.8119999999999998,2.0549999999999997,1.531,0.533,0.658,3.1270000000000002,1.216,3.039,0.672,2.2439999999999998,1.0,2.1189999999999998,2.161,1.609,1.012,1.264,3.742,1.206,4.114,0.699,2.5189999999999997,0.263,1.5550000000000002,3.324,4.8389999999999995,1.589,2.3089999999999997,1.457,1.556,1.7409999999999997,1.292,1.495,1.445,3.1310000000000002,1.349,2.606,1.4249999999999998,1.303,3.2359999999999998,3.095,1.266,3.203,2.537,1.181,2.522,1.273,1.123,2.062,1.8639999999999999,2.042,2.786,0.131,4.604,2.057,1.507,0.148
N15,0.849,0.665,0.107,1.088,0.901,0.7060000000000001,0,3.349,1.515,0.8230000000000001,0.7929999999999999,0.968,2.031,1.232,1.185,0.846,2.969,0.455,0.7000000000000001,2.1969999999999996,2.4559999999999995,1.057,3.598,1.132,1.193,0.703,0.873,1.117,0.891,1.976,1.017,1.3,1.5429999999999997,1.0190000000000001,0.918,1.0430000000000001,3.601,0.518,3.513,1.3530000000000002,1.732,1.6810000000000003,1.607,2.635,1.097,1.693,0.752,4.285,0.694,4.657,0.20700000000000002,1.813,0.648,2.236,2.6179999999999994,4.133,1.077,1.6029999999999998,2.1380000000000003,2.237,1.035,1.766,0.983,0.9329999999999999,3.8120000000000003,0.837,1.8999999999999997,0.913,0.791,3.198,3.7760000000000002,0.754,2.928,2.499,0.669,2.484,0.5750000000000001,0.611,1.5499999999999996,1.3519999999999999,1.5299999999999998,3.26,0.812,5.077999999999999,1.5449999999999997,0.995,0.558
N16,3.829,3.993,3.242,4.034,3.8810000000000002,2.668,3.349,0,4.864000000000001,4.148999999999999,3.773,3.9499999999999997,2.6489999999999996,3.4479999999999995,4.131,3.826,6.3180000000000005,2.9350000000000005,4.028,5.254,4.994999999999999,3.7669999999999995,1.545,3.5479999999999996,3.9029999999999996,4.0520000000000005,3.8549999999999995,3.6119999999999997,4.24,2.1460000000000004,4.3660000000000005,4.095999999999999,4.35,4.164999999999999,2.7840000000000003,2.6590000000000003,1.548,3.85,1.46,2.4539999999999997,3.9479999999999995,2.7819999999999996,3.8229999999999995,1.8319999999999999,4.085,1.6560000000000001,3.7319999999999998,1.0739999999999998,3.674,1.4459999999999997,3.142,5.162000000000001,2.701,1.113,5.659999999999999,7.482000000000001,3.6029999999999998,4.952,2.514,3.3379999999999996,4.384,1.9360000000000002,3.9629999999999996,3.913,0.46299999999999997,3.8169999999999997,5.249,4.058999999999999,3.9369999999999994,1.894,0.427,3.9,2.877,2.211,3.815,2.1959999999999997,3.907,3.757,4.356999999999999,4.34,4.3629999999999995,1.2069999999999999,2.537,2.4879999999999995,4.368999999999999,3.9829999999999997,2.8160000000000003
N17,1.7269999999999999,1.543,1.622,1.966,1.779,2.221,1.5150000000000001,4.864000000000001,0,1.7009999999999998,1.6709999999999998,1.8459999999999999,2.909,2.11,2.063,1.7239999999999998,1.454,1.9700000000000002,1.5779999999999998,1.436,1.6949999999999998,1.9349999999999998,4.688999999999999,2.01,2.0709999999999997,0.812,1.751,1.9949999999999999,0.624,3.476,0.5,2.1780000000000004,2.421,1.897,2.4330000000000003,2.5580000000000003,4.691999999999999,1.396,4.603999999999999,2.8680000000000003,2.61,3.196,2.485,3.7259999999999995,1.975,3.208,1.63,5.3759999999999994,1.5719999999999998,5.747999999999999,1.7220000000000002,0.298,2.1630000000000003,3.7510000000000003,1.857,2.618,1.9549999999999998,0.8420000000000001,3.653,3.352,0.48,3.281,1.861,1.811,5.094999999999999,1.7149999999999999,1.139,1.791,1.6689999999999998,4.076,5.1309999999999985,1.632,3.806,3.377,1.547,3.3619999999999997,1.4529999999999998,1.4889999999999999,2.428,2.23,2.408,4.350999999999999,2.3270000000000004,6.168999999999999,2.423,1.873,2.073
N18,0.5139999999999999,0.158,0.916,0.265,0.56,1.515,0.823,4.149000000000001,1.7009999999999998,0,0.57,0.389,1.6500000000000001,0.8510000000000001,0.362,0.6170000000000001,3.155,1.278,0.123,2.383,2.642,0.532,3.43,0.7510000000000001,0.396,0.889,0.294,0.687,1.077,2.217,1.2029999999999998,0.477,0.7199999999999999,0.196,1.7180000000000002,1.8430000000000002,3.4330000000000003,0.305,3.345,2.153,1.1280000000000001,2.481,1.0030000000000001,2.467,0.27399999999999997,2.4930000000000003,0.417,4.117,0.475,4.489,1.0070000000000001,1.9989999999999999,1.4480000000000002,3.0360000000000005,2.804,4.319,0.7270000000000001,1.7889999999999997,2.9379999999999997,3.037,1.2209999999999999,2.427,0.47300000000000003,0.42799999999999994,3.8360000000000003,0.33199999999999996,2.086,0.09,0.212,2.817,3.8720000000000003,0.249,2.324,2.1180000000000003,0.334,2.103,0.248,0.392,0.7269999999999999,0.5289999999999999,0.7069999999999999,3.092,1.612,4.91,0.7219999999999999,0.172,1.367
N19,0.056,0.41400000000000003,0.706,0.315,0.108,1.305,0.793,3.773,1.6709999999999998,0.57,0,0.183,1.238,0.43900000000000006,0.41200000000000003,0.053,3.125,1.248,0.44900000000000007,2.353,2.612,0.264,3.0180000000000002,0.339,0.4,0.859,0.27599999999999997,0.324,1.047,1.805,1.173,0.527,0.781,0.586,1.342,1.467,3.0210000000000004,0.275,2.9330000000000003,1.7770000000000001,0.9390000000000001,2.105,0.8140000000000001,2.055,0.503,2.117,0.154,3.7050000000000005,0.099,4.077000000000001,0.631,1.9689999999999999,1.072,2.66,2.774,4.289,0.28400000000000003,1.759,2.562,2.661,1.1909999999999998,2.015,0.192,0.142,3.4240000000000004,0.238,2.056,0.48,0.358,2.405,3.4600000000000004,0.321,2.135,1.706,0.237,1.691,0.33099999999999996,0.182,0.788,0.758,0.794,2.68,1.236,4.498,0.8,0.40399999999999997,1.157
N2,0.127,0.30500000000000005,0.881,0.132,0.17099999999999999,1.48,0.968,3.95,1.8459999999999996,0.389,0.183,0,1.413,0.614,0.229,0.22799999999999998,3.3,1.423,0.27,2.528,2.787,0.32699999999999996,3.193,0.514,0.263,1.0339999999999998,0.095,0.482,1.2219999999999998,1.98,1.3479999999999999,0.34400000000000003,0.5980000000000001,0.40499999999999997,1.5190000000000001,1.6440000000000001,3.196,0.44999999999999996,3.108,1.9540000000000002,0.9950000000000001,2.282,0.8700000000000001,2.23,0.32,2.294,0.21800000000000003,3.8800000000000003,0.276,4.252000000000001,0.808,2.1439999999999997,1.249,2.837,2.949,4.4639999999999995,0.45899999999999996,1.9339999999999997,2.739,2.838,1.3659999999999997,2.19,0.084,0.041,3.599,0.133,2.231,0.299,0.177,2.58,3.6350000000000002,0.214,2.191,1.881,0.299,1.866,0.393,0.357,0.6050000000000001,0.575,0.6110000000000001,2.855,1.413,4.673,0.6170000000000001,0.223,1.332
N20,1.294,1.651,1.944,1.385,1.242,2.069,2.0309999999999997,2.649,2.9090000000000003,1.6500000000000001,1.238,1.413,0,0.799,1.482,1.185,4.363,2.1290000000000004,1.683,3.5910000000000006,3.8500000000000005,1.118,1.7799999999999998,0.899,1.254,2.097,1.508,0.9630000000000001,2.285,0.567,2.411,1.447,1.701,1.658,1.625,1.5,1.783,1.513,1.6949999999999998,2.479,1.299,2.807,1.174,0.817,1.573,1.057,1.3920000000000001,2.467,1.337,2.839,1.869,3.2070000000000003,1.895,1.6,4.0120000000000005,5.527,0.9540000000000001,2.9970000000000003,3.264,3.363,2.4290000000000003,0.7769999999999999,1.329,1.379,2.186,1.475,3.2940000000000005,1.56,1.59,1.167,2.222,1.558,1.1340000000000001,0.468,1.475,0.453,1.5690000000000002,1.42,1.708,1.8279999999999998,1.714,1.442,1.938,3.26,1.72,1.478,2.0100000000000002
N21,0.495,0.852,1.145,0.5860000000000001,0.443,1.744,1.232,3.4480000000000004,2.11,0.851,0.439,0.614,0.799,0,0.683,0.386,3.564,1.687,0.8839999999999999,2.7920000000000003,3.051,0.319,2.579,0.1,0.455,1.298,0.709,0.164,1.486,1.366,1.612,0.648,0.902,0.859,1.7810000000000001,1.9060000000000001,2.5820000000000003,0.714,2.494,2.216,0.5,2.544,0.375,1.616,0.774,1.856,0.593,3.2660000000000005,0.538,3.6380000000000003,1.07,2.408,1.5110000000000001,2.399,3.213,4.728,0.155,2.198,3.001,3.1,1.63,1.576,0.53,0.5800000000000001,2.9850000000000003,0.676,2.495,0.761,0.7909999999999999,1.9659999999999997,3.0210000000000004,0.759,1.696,1.267,0.6759999999999999,1.252,0.7699999999999999,0.621,0.909,1.029,0.915,2.241,1.675,4.059,0.921,0.679,1.596
N22,0.356,0.52,1.098,0.097,0.4,1.697,1.185,4.131,2.0629999999999997,0.362,0.412,0.229,1.482,0.6829999999999999,0,0.457,3.5169999999999995,1.6400000000000001,0.485,2.745,3.004,0.364,3.262,0.583,0.228,1.251,0.318,0.519,1.4389999999999998,2.049,1.565,0.115,0.369,0.176,1.7420000000000002,1.8670000000000002,3.265,0.667,3.177,2.177,0.766,2.505,0.641,2.299,0.091,2.5170000000000003,0.441,3.9490000000000003,0.499,4.321000000000001,1.0310000000000001,2.3609999999999998,1.4720000000000002,3.0600000000000005,3.166,4.680999999999999,0.559,2.151,2.9619999999999997,3.061,1.5829999999999997,2.259,0.313,0.27,3.668,0.356,2.448,0.272,0.394,2.649,3.704,0.431,1.962,1.95,0.516,1.935,0.61,0.5740000000000001,0.376,0.346,0.382,2.924,1.6360000000000001,4.742,0.388,0.19,1.5490000000000002
N23,0.109,0.4660000000000001,0.759,0.36,0.057,1.3579999999999999,0.846,3.826,1.7239999999999998,0.6169999999999999,0.053,0.22799999999999998,1.185,0.386,0.45699999999999996,0,3.178,1.301,0.498,2.406,2.665,0.213,2.9650000000000003,0.28600000000000003,0.349,0.9119999999999999,0.32299999999999995,0.271,1.0999999999999999,1.752,1.226,0.542,0.796,0.6329999999999999,1.395,1.52,2.9680000000000004,0.32799999999999996,2.8800000000000003,1.83,0.886,2.158,0.761,2.0020000000000002,0.5479999999999999,2.17,0.20700000000000002,3.6520000000000006,0.152,4.024000000000001,0.684,2.022,1.125,2.713,2.827,4.342,0.231,1.8119999999999998,2.6149999999999998,2.714,1.2439999999999998,1.962,0.144,0.194,3.3710000000000004,0.29000000000000004,2.109,0.5269999999999999,0.40499999999999997,2.352,3.4070000000000005,0.37300000000000005,2.082,1.653,0.29000000000000004,1.6380000000000001,0.384,0.235,0.803,0.8029999999999999,0.809,2.6270000000000002,1.289,4.445,0.8150000000000001,0.45099999999999996,1.21
N24,3.1810000000000005,2.997,3.076,3.4199999999999995,3.2330000000000005,3.6750000000000003,2.969,6.318,1.454,3.1550000000000002,3.1250000000000004,3.3,4.363,3.5640000000000005,3.5169999999999995,3.1780000000000004,0,3.424,3.032,2.294,2.553,3.3890000000000007,6.143000000000001,3.4640000000000004,3.525000000000001,2.266,3.2049999999999996,3.4490000000000003,2.078,4.930000000000001,1.954,3.6319999999999997,3.874999999999999,3.3509999999999995,3.887,4.0120000000000005,6.146000000000001,2.85,6.058000000000001,4.322,4.064,4.65,3.9390000000000005,5.180000000000001,3.4289999999999994,4.662,3.084,6.830000000000001,3.0260000000000002,7.202000000000001,3.176,1.156,3.617,5.205,2.02,2.88,3.4090000000000003,1.7,5.107,4.21,1.934,4.735,3.315,3.265,6.549,3.169,1.9969999999999999,3.2449999999999997,3.1229999999999998,5.53,6.585,3.086,5.26,4.831,3.001,4.816000000000001,2.907,2.943,3.8819999999999992,3.6839999999999993,3.861999999999999,5.805000000000001,3.781,7.623000000000001,3.8769999999999993,3.3269999999999995,3.527
N25,1.304,1.12,0.562,1.543,1.356,0.267,0.455,2.935,1.9699999999999998,1.278,1.248,1.423,2.1289999999999996,1.687,1.64,1.301,3.4239999999999995,0,1.155,2.652,2.911,1.512,3.184,1.587,1.6480000000000001,1.158,1.328,1.572,1.3459999999999999,1.5619999999999998,1.472,1.755,1.9979999999999998,1.474,0.504,0.629,3.1870000000000003,0.9730000000000001,3.099,0.9390000000000001,2.1870000000000003,1.2670000000000001,2.0620000000000003,2.221,1.552,1.279,1.207,3.8710000000000004,1.149,4.243,0.662,2.268,0.23399999999999999,1.822,3.073,4.587999999999999,1.532,2.058,1.7240000000000002,1.8230000000000002,1.4899999999999998,1.3519999999999999,1.4380000000000002,1.3880000000000001,3.398,1.292,2.355,1.3679999999999999,1.246,3.2959999999999994,3.362,1.209,3.2629999999999995,2.5969999999999995,1.124,2.5819999999999994,1.03,1.066,2.005,1.807,1.9849999999999999,2.846,0.398,4.664,1.9999999999999998,1.45,0.119
N26,0.393,0.035,0.795,0.388,0.44100000000000006,1.394,0.7,4.0280000000000005,1.5779999999999998,0.123,0.449,0.27,1.6830000000000003,0.8840000000000001,0.485,0.49800000000000005,3.032,1.155,0,2.26,2.5189999999999997,0.5970000000000001,3.463,0.7840000000000001,0.519,0.766,0.175,0.7520000000000001,0.954,2.25,1.08,0.6,0.8429999999999999,0.319,1.5970000000000002,1.7220000000000002,3.466,0.182,3.378,2.032,1.251,2.36,1.126,2.5,0.39699999999999996,2.372,0.29600000000000004,4.15,0.35400000000000004,4.522,0.8860000000000001,1.876,1.3270000000000002,2.915,2.681,4.196,0.7290000000000001,1.666,2.8169999999999997,2.916,1.0979999999999999,2.4450000000000003,0.35400000000000004,0.30700000000000005,3.8689999999999998,0.21100000000000002,1.9629999999999999,0.213,0.093,2.85,3.905,0.128,2.447,2.1510000000000002,0.21300000000000002,2.136,0.125,0.271,0.8499999999999999,0.6519999999999999,0.8299999999999998,3.125,1.491,4.943,0.8449999999999999,0.295,1.246
N27,2.4090000000000003,2.2249999999999996,2.304,2.6479999999999992,2.4610000000000003,2.903,2.1969999999999996,5.254,1.436,2.383,2.353,2.5279999999999996,3.591,2.7920000000000003,2.744999999999999,2.406,2.2939999999999996,2.6519999999999997,2.26,0,0.259,2.6170000000000004,5.371,2.692,2.7530000000000006,1.4939999999999998,2.4329999999999994,2.677,1.3059999999999998,4.158,1.182,2.8599999999999994,3.102999999999999,2.5789999999999993,3.1149999999999998,3.2399999999999998,5.3740000000000006,2.078,5.2860000000000005,2.8,3.2920000000000003,2.472,3.1670000000000003,4.408,2.656999999999999,3.8899999999999997,2.312,6.058000000000001,2.254,6.430000000000001,2.404,1.138,2.8449999999999998,4.141,0.924,4.054,2.637,0.594,2.929,1.916,1.162,3.9629999999999996,2.5429999999999997,2.493,5.716999999999999,2.397,0.297,2.4729999999999994,2.3509999999999995,4.758,5.680999999999999,2.3139999999999996,4.488,4.059,2.2289999999999996,4.0440000000000005,2.135,2.171,3.109999999999999,2.911999999999999,3.089999999999999,5.033,3.009,6.851000000000001,3.104999999999999,2.5549999999999993,2.755
N28,2.668,2.4839999999999995,2.5629999999999997,2.906999999999999,2.72,3.162,2.4559999999999995,4.994999999999999,1.695,2.6419999999999995,2.612,2.7869999999999995,3.85,3.051,3.003999999999999,2.665,2.553,2.9109999999999996,2.5189999999999997,0.259,0,2.8760000000000003,5.63,2.951,3.0120000000000005,1.7529999999999997,2.6919999999999993,2.936,1.5649999999999997,4.417,1.4409999999999998,3.1189999999999993,3.3619999999999988,2.837999999999999,3.3739999999999997,3.4989999999999997,5.633,2.3369999999999997,5.545,2.541,3.551,2.213,3.426,4.667,2.915999999999999,3.963,2.5709999999999997,6.068999999999998,2.513,6.440999999999998,2.663,1.397,3.1039999999999996,3.8819999999999997,0.665,4.313,2.896,0.853,2.67,1.657,1.4209999999999998,4.2219999999999995,2.8019999999999996,2.752,5.457999999999998,2.6559999999999997,0.556,2.7319999999999993,2.6099999999999994,5.0169999999999995,5.421999999999999,2.5729999999999995,4.747,4.318,2.4879999999999995,4.303,2.3939999999999997,2.4299999999999997,3.368999999999999,3.170999999999999,3.348999999999999,5.292,3.082,7.109999999999999,3.363999999999999,2.813999999999999,3.014
N29,0.208,0.5650000000000001,0.97,0.267,0.156,1.569,1.057,3.7670000000000003,1.9349999999999998,0.532,0.264,0.327,1.118,0.319,0.364,0.213,3.3889999999999993,1.512,0.597,2.617,2.876,0,2.898,0.219,0.136,1.123,0.42200000000000004,0.155,1.311,1.685,1.4369999999999998,0.329,0.583,0.5399999999999999,1.606,1.731,2.9010000000000002,0.539,2.813,2.041,0.819,2.3689999999999998,0.694,1.935,0.45499999999999996,2.175,0.306,3.5850000000000004,0.363,3.9570000000000003,0.895,2.2329999999999997,1.336,2.718,3.038,4.553,0.195,2.0229999999999997,2.8259999999999996,2.925,1.4549999999999998,1.895,0.243,0.293,3.3040000000000003,0.389,2.32,0.442,0.504,2.285,3.3400000000000003,0.47200000000000003,2.0149999999999997,1.586,0.389,1.5710000000000002,0.483,0.446,0.59,0.71,0.596,2.56,1.5,4.378,0.602,0.36,1.421
N3,3.0740000000000003,3.4310000000000005,3.491,3.165,3.0220000000000002,3.1240000000000006,3.5980000000000003,1.5450000000000002,4.689,3.4299999999999997,3.0180000000000002,3.1930000000000005,1.78,2.579,3.262,2.9650000000000003,6.143,3.184,3.4630000000000005,5.3709999999999996,5.63,2.898,0,2.6790000000000003,3.0340000000000003,3.8770000000000007,3.2880000000000007,2.7430000000000003,4.065,1.622,4.191000000000001,3.2270000000000003,3.4810000000000003,3.438,2.68,2.555,0.025,3.2930000000000006,0.085,3.5340000000000003,3.079,3.862,2.954,0.9630000000000001,3.353,2.112,3.172,0.7090000000000001,3.1170000000000004,1.081,3.391,4.987,2.95,2.6550000000000002,5.792,7.307,2.7340000000000004,4.777,4.059,4.418,4.2090000000000005,1.832,3.1090000000000004,3.1590000000000003,1.082,3.2550000000000003,5.074,3.34,3.3700000000000006,1.0250000000000001,1.118,3.3380000000000005,2.008,1.3419999999999999,3.2550000000000003,1.327,3.349,3.2000000000000006,3.4880000000000004,3.608,3.494,0.338,2.9930000000000003,1.48,3.5000000000000004,3.258,3.0650000000000004
N30,0.395,0.752,1.045,0.486,0.343,1.644,1.1320000000000001,3.548,2.01,0.7509999999999999,0.339,0.514,0.899,0.1,0.583,0.28600000000000003,3.4639999999999995,1.5870000000000002,0.7839999999999999,2.692,2.951,0.219,2.6790000000000003,0,0.355,1.198,0.609,0.064,1.386,1.466,1.512,0.548,0.802,0.7589999999999999,1.681,1.806,2.6820000000000004,0.614,2.5940000000000003,2.116,0.6,2.444,0.475,1.7160000000000002,0.6739999999999999,1.956,0.493,3.3660000000000005,0.43800000000000006,3.7380000000000004,0.9700000000000001,2.308,1.411,2.499,3.113,4.628,0.055,2.098,2.901,3.0,1.5299999999999998,1.676,0.43000000000000005,0.48000000000000004,3.085,0.5760000000000001,2.395,0.6609999999999999,0.691,2.066,3.121,0.659,1.7959999999999998,1.367,0.576,1.352,0.6699999999999999,0.521,0.809,0.9289999999999999,0.8150000000000001,2.341,1.575,4.159000000000001,0.8210000000000001,0.579,1.496
N31,0.34400000000000003,0.554,1.1059999999999999,0.131,0.29200000000000004,1.7049999999999998,1.193,3.9030000000000005,2.0709999999999997,0.396,0.4,0.263,1.254,0.45500000000000007,0.228,0.34900000000000003,3.5249999999999995,1.6480000000000001,0.519,2.753,3.012,0.136,3.0340000000000003,0.35500000000000004,0,1.259,0.352,0.29100000000000004,1.4469999999999998,1.821,1.573,0.193,0.447,0.404,1.7420000000000002,1.8670000000000002,3.0370000000000004,0.6749999999999999,2.9490000000000003,2.177,0.8440000000000001,2.505,0.7190000000000001,2.071,0.319,2.311,0.44200000000000006,3.7210000000000005,0.499,4.093000000000001,1.0310000000000001,2.3689999999999998,1.4720000000000002,2.854,3.174,4.689,0.331,2.159,2.9619999999999997,3.061,1.5909999999999997,2.031,0.34700000000000003,0.304,3.4400000000000004,0.38999999999999996,2.456,0.306,0.428,2.421,3.4760000000000004,0.46499999999999997,2.04,1.722,0.525,1.707,0.619,0.582,0.454,0.5740000000000001,0.46,2.696,1.6360000000000001,4.514,0.466,0.224,1.557
N32,0.9149999999999999,0.731,0.8099999999999999,1.154,0.967,1.4089999999999998,0.703,4.052,0.8119999999999999,0.889,0.8589999999999999,1.034,2.097,1.298,1.251,0.9119999999999999,2.266,1.158,0.766,1.4939999999999998,1.7529999999999997,1.123,3.877,1.198,1.259,0,0.939,1.183,0.188,2.6639999999999997,0.314,1.3659999999999999,1.609,1.085,1.621,1.746,3.88,0.584,3.792,2.056,1.798,2.384,1.673,2.9139999999999997,1.163,2.396,0.818,4.564,0.7599999999999999,4.936,0.9099999999999999,1.1099999999999999,1.351,2.939,1.9149999999999998,3.4299999999999997,1.143,0.8999999999999999,2.8409999999999997,2.94,0.33199999999999996,2.469,1.049,0.9989999999999999,4.2829999999999995,0.9029999999999999,1.1969999999999998,0.979,0.857,3.264,4.318999999999999,0.82,2.9939999999999998,2.565,0.735,2.55,0.641,0.6769999999999999,1.6159999999999999,1.4180000000000001,1.596,3.5389999999999997,1.515,5.356999999999999,1.611,1.061,1.261
N33,0.22,0.21,0.786,0.221,0.266,1.385,0.873,3.855,1.751,0.29400000000000004,0.276,0.095,1.508,0.7090000000000001,0.318,0.323,3.205,1.328,0.175,2.4330000000000003,2.692,0.42200000000000004,3.2880000000000003,0.6090000000000001,0.352,0.939,0,0.5770000000000001,1.127,2.075,1.2530000000000001,0.433,0.676,0.31,1.4240000000000002,1.5490000000000002,3.2910000000000004,0.355,3.2030000000000003,1.859,1.084,2.187,0.9590000000000001,2.325,0.22999999999999998,2.199,0.123,3.9750000000000005,0.181,4.347,0.7130000000000001,2.049,1.1540000000000001,2.742,2.854,4.369,0.554,1.839,2.6439999999999997,2.743,1.271,2.2720000000000002,0.179,0.134,3.694,0.038,2.136,0.20400000000000001,0.082,2.675,3.73,0.119,2.2800000000000002,1.976,0.20400000000000001,1.961,0.29800000000000004,0.262,0.683,0.485,0.663,2.95,1.318,4.768000000000001,0.678,0.128,1.237
N34,0.363,0.72,1.03,0.42200000000000004,0.311,1.629,1.117,3.612,1.9949999999999997,0.6869999999999999,0.324,0.48200000000000004,0.9630000000000001,0.164,0.519,0.271,3.449,1.572,0.752,2.677,2.936,0.155,2.7430000000000003,0.064,0.29100000000000004,1.1829999999999998,0.5770000000000001,0,1.3709999999999998,1.53,1.4969999999999999,0.48400000000000004,0.738,0.695,1.6660000000000001,1.7910000000000001,2.7460000000000004,0.599,2.6580000000000004,2.101,0.664,2.429,0.539,1.7800000000000002,0.61,2.02,0.46099999999999997,3.4300000000000006,0.42300000000000004,3.8020000000000005,0.9550000000000001,2.2929999999999997,1.3960000000000001,2.563,3.098,4.6129999999999995,0.04,2.0829999999999997,2.8859999999999997,2.985,1.5149999999999997,1.74,0.398,0.448,3.149,0.544,2.38,0.597,0.659,2.13,3.185,0.627,1.8599999999999999,1.431,0.5439999999999999,1.4160000000000001,0.6379999999999999,0.506,0.745,0.865,0.751,2.4050000000000002,1.56,4.223000000000001,0.757,0.515,1.481
N35,1.103,0.919,0.998,1.3419999999999999,1.155,1.597,0.891,4.24,0.624,1.077,1.047,1.222,2.285,1.486,1.4389999999999998,1.0999999999999999,2.078,1.346,0.9540000000000001,1.3059999999999998,1.565,1.311,4.065,1.386,1.447,0.188,1.127,1.371,0,2.8520000000000003,0.126,1.5539999999999998,1.7969999999999997,1.273,1.8090000000000002,1.9340000000000002,4.068,0.772,3.98,2.244,1.986,2.572,1.861,3.102,1.351,2.584,1.006,4.752,0.948,5.124,1.098,0.9219999999999999,1.5390000000000001,3.1270000000000002,1.7269999999999999,3.242,1.331,0.712,3.029,3.128,0.144,2.657,1.237,1.187,4.471,1.091,1.009,1.1669999999999998,1.045,3.452,4.507,1.008,3.182,2.753,0.923,2.738,0.8290000000000001,0.865,1.8039999999999996,1.6059999999999999,1.7839999999999998,3.727,1.703,5.545,1.7989999999999997,1.2489999999999999,1.449
N36,1.8610000000000002,2.2180000000000004,1.869,1.9520000000000002,1.8090000000000002,1.502,1.976,2.146,3.4760000000000004,2.217,1.8050000000000002,1.9800000000000002,0.567,1.366,2.0490000000000004,1.7520000000000002,4.930000000000001,1.5619999999999998,2.25,4.158,4.417000000000001,1.6850000000000003,1.6219999999999999,1.4660000000000002,1.8210000000000002,2.664,2.075,1.5300000000000002,2.8520000000000003,0,2.978,2.0140000000000002,2.2680000000000002,2.2250000000000005,1.0579999999999998,0.9329999999999999,1.625,2.08,1.537,1.912,1.866,2.2399999999999998,1.741,0.659,2.1400000000000006,0.49,1.9590000000000003,2.309,1.9040000000000001,2.681,1.769,3.7740000000000005,1.3279999999999998,1.033,4.579000000000001,6.094,1.5210000000000001,3.5640000000000005,2.6969999999999996,2.796,2.9960000000000004,0.21,1.8960000000000001,1.9460000000000002,2.028,2.0420000000000003,3.8610000000000007,2.1270000000000002,2.157,1.734,2.064,2.1250000000000004,1.701,1.035,2.0420000000000003,1.02,2.136,1.987,2.2750000000000004,2.3950000000000005,2.281,1.284,1.371,3.102,2.2870000000000004,2.0450000000000004,1.4429999999999998
N37,1.2289999999999999,1.045,1.1239999999999999,1.4679999999999997,1.281,1.7229999999999999,1.017,4.366,0.5,1.2029999999999998,1.1729999999999998,1.3479999999999999,2.411,1.6119999999999999,1.5649999999999997,1.2259999999999998,1.954,1.472,1.0799999999999998,1.182,1.4409999999999998,1.4369999999999998,4.191,1.5119999999999998,1.573,0.314,1.253,1.4969999999999999,0.126,2.9779999999999998,0,1.6799999999999997,1.9229999999999996,1.3989999999999998,1.935,2.06,4.194,0.8979999999999999,4.106,2.37,2.112,2.698,1.9869999999999999,3.2279999999999998,1.4769999999999999,2.71,1.132,4.878,1.0739999999999998,5.25,1.224,0.798,1.665,3.253,1.603,3.118,1.4569999999999999,0.588,3.155,3.098,0.02,2.783,1.363,1.313,4.5969999999999995,1.2169999999999999,0.885,1.2929999999999997,1.1709999999999998,3.578,4.632999999999999,1.134,3.308,2.879,1.049,2.864,0.955,0.9909999999999999,1.9299999999999995,1.7319999999999998,1.9099999999999997,3.8529999999999998,1.829,5.670999999999999,1.9249999999999996,1.3749999999999998,1.575
N38,0.471,0.6350000000000001,1.213,0.21200000000000002,0.485,1.812,1.3000000000000003,4.096,2.178,0.4770000000000001,0.527,0.34400000000000003,1.447,0.648,0.115,0.542,3.6319999999999997,1.7550000000000003,0.6000000000000001,2.8600000000000003,3.119,0.329,3.2270000000000003,0.548,0.193,1.366,0.43300000000000005,0.484,1.554,2.0140000000000002,1.6800000000000002,0,0.254,0.29100000000000004,1.8570000000000002,1.9820000000000002,3.2300000000000004,0.7820000000000001,3.1420000000000003,2.2920000000000003,0.651,2.62,0.526,2.2640000000000002,0.20600000000000002,2.5040000000000004,0.556,3.9140000000000006,0.6140000000000001,4.2860000000000005,1.1460000000000001,2.476,1.5870000000000002,3.0470000000000006,3.281,4.795999999999999,0.524,2.266,3.077,3.176,1.698,2.224,0.42800000000000005,0.385,3.633,0.47100000000000003,2.563,0.38700000000000007,0.5090000000000001,2.614,3.669,0.5460000000000002,1.847,1.915,0.6310000000000001,1.9000000000000001,0.7250000000000001,0.6890000000000002,0.261,0.445,0.267,2.8890000000000002,1.7510000000000001,4.707000000000001,0.273,0.30500000000000005,1.6640000000000001
N39,0.725,0.878,1.456,0.46599999999999997,0.739,2.055,1.543,4.35,2.421,0.72,0.781,0.598,1.701,0.902,0.369,0.796,3.875,1.998,0.843,3.103,3.362,0.583,3.481,0.802,0.447,1.609,0.676,0.738,1.797,2.268,1.923,0.254,0,0.531,2.1000000000000005,2.2250000000000005,3.484,1.025,3.396,2.535,0.641,2.863,0.766,2.518,0.446,2.758,0.799,4.168,0.8570000000000001,4.54,1.3890000000000002,2.719,1.8300000000000003,3.301,3.524,5.039,0.778,2.509,3.32,3.419,1.9409999999999998,2.4779999999999998,0.6819999999999999,0.639,3.8869999999999996,0.7140000000000001,2.806,0.63,0.752,2.868,3.9229999999999996,0.789,1.837,2.169,0.874,2.154,0.968,0.932,0.007,0.191,0.013,3.143,1.9940000000000002,4.961,0.019,0.548,1.907
N4,0.5299999999999999,0.354,0.9319999999999999,0.273,0.5760000000000001,1.531,1.0190000000000001,4.165000000000001,1.8969999999999998,0.196,0.586,0.405,1.6580000000000001,0.8590000000000001,0.176,0.6330000000000001,3.351,1.4740000000000002,0.319,2.579,2.838,0.54,3.438,0.7590000000000001,0.404,1.085,0.31,0.6950000000000001,1.273,2.225,1.399,0.291,0.531,0,1.7340000000000002,1.8590000000000002,3.4410000000000003,0.501,3.353,2.169,0.942,2.497,0.817,2.475,0.085,2.5090000000000003,0.433,4.125,0.491,4.497,1.0230000000000001,2.195,1.4640000000000002,3.0520000000000005,3.0,4.515,0.7350000000000001,1.9849999999999999,2.9539999999999997,3.053,1.4169999999999998,2.435,0.48900000000000005,0.44399999999999995,3.8440000000000003,0.348,2.282,0.106,0.22799999999999998,2.825,3.8800000000000003,0.26499999999999996,2.138,2.1260000000000003,0.35,2.111,0.44399999999999995,0.408,0.538,0.34,0.518,3.1,1.6280000000000001,4.918,0.533,0.187,1.383
N40,1.3980000000000001,1.562,0.811,1.645,1.4500000000000002,0.533,0.918,2.7840000000000003,2.433,1.7180000000000002,1.342,1.5190000000000001,1.625,1.7810000000000001,1.742,1.395,3.8869999999999996,0.504,1.597,3.115,3.374,1.606,2.68,1.681,1.742,1.621,1.4240000000000002,1.6660000000000001,1.809,1.058,1.935,1.857,2.1,1.7340000000000002,0,0.125,2.6830000000000003,1.419,2.595,0.9750000000000001,2.281,1.3030000000000002,2.156,1.717,1.6540000000000001,1.1280000000000001,1.3010000000000002,3.3670000000000004,1.243,3.7390000000000003,0.7110000000000001,2.731,0.27,1.6710000000000003,3.536,5.051,1.6260000000000001,2.521,1.7600000000000002,1.8590000000000002,1.9529999999999998,0.848,1.5320000000000003,1.4820000000000002,3.0860000000000003,1.3860000000000001,2.818,1.6280000000000001,1.506,2.792,3.1220000000000003,1.469,2.759,2.093,1.3840000000000001,2.078,1.476,1.326,2.107,1.9090000000000003,2.087,2.342,0.43400000000000005,4.16,2.1020000000000003,1.552,0.385
N41,1.5230000000000001,1.687,0.936,1.77,1.5750000000000002,0.658,1.0430000000000001,2.6590000000000003,2.558,1.8430000000000002,1.467,1.6440000000000001,1.5,1.9060000000000001,1.867,1.52,4.012,0.629,1.722,3.24,3.499,1.731,2.555,1.806,1.867,1.746,1.5490000000000002,1.7910000000000001,1.934,0.9329999999999999,2.06,1.982,2.225,1.8590000000000002,0.125,0,2.5580000000000003,1.544,2.47,1.1,2.406,1.4280000000000002,2.281,1.592,1.7790000000000001,1.0030000000000001,1.4260000000000002,3.2420000000000004,1.368,3.6140000000000003,0.8360000000000001,2.856,0.395,1.5460000000000003,3.661,5.176,1.7510000000000001,2.646,1.8850000000000002,1.9840000000000002,2.078,0.723,1.6570000000000003,1.6070000000000002,2.9610000000000003,1.5110000000000001,2.943,1.7530000000000001,1.631,2.667,2.9970000000000003,1.594,2.634,1.968,1.5090000000000001,1.953,1.601,1.451,2.232,2.0340000000000003,2.212,2.217,0.559,4.035,2.2270000000000003,1.677,0.51
N42,3.0770000000000004,3.4340000000000006,3.4939999999999998,3.168,3.0250000000000004,3.1270000000000007,3.601,1.548,4.692,3.433,3.0210000000000004,3.1960000000000006,1.7830000000000001,2.5820000000000003,3.265,2.9680000000000004,6.146,3.1870000000000003,3.4660000000000006,5.374,5.633,2.9010000000000002,0.025,2.6820000000000004,3.0370000000000004,3.880000000000001,3.291000000000001,2.7460000000000004,4.0680000000000005,1.625,4.194000000000001,3.2300000000000004,3.4840000000000004,3.4410000000000003,2.683,2.558,0,3.2960000000000007,0.088,3.5370000000000004,3.0820000000000003,3.865,2.9570000000000003,0.966,3.3560000000000003,2.115,3.1750000000000003,0.684,3.1200000000000006,1.056,3.3939999999999997,4.99,2.953,2.6580000000000004,5.795,7.3100000000000005,2.7370000000000005,4.78,4.061999999999999,4.421,4.212000000000001,1.835,3.1120000000000005,3.1620000000000004,1.085,3.2580000000000005,5.077,3.343,3.3730000000000007,1.028,1.121,3.3410000000000006,2.011,1.345,3.2580000000000005,1.33,3.3520000000000003,3.2030000000000007,3.4910000000000005,3.611,3.4970000000000003,0.34099999999999997,2.9960000000000004,1.505,3.5030000000000006,3.261,3.068
N43,0.331,0.147,0.617,0.57,0.383,1.216,0.518,3.85,1.396,0.305,0.275,0.44999999999999996,1.5130000000000001,0.7140000000000001,0.6669999999999999,0.328,2.8499999999999996,0.9730000000000001,0.182,2.078,2.3369999999999997,0.539,3.293,0.6140000000000001,0.675,0.584,0.355,0.5990000000000001,0.772,2.08,0.898,0.7819999999999999,1.025,0.501,1.419,1.544,3.2960000000000003,0,3.208,1.854,1.214,2.182,1.089,2.33,0.579,2.194,0.23399999999999999,3.9800000000000004,0.176,4.352,0.708,1.694,1.149,2.737,2.4989999999999997,4.013999999999999,0.559,1.484,2.639,2.738,0.916,2.267,0.465,0.41500000000000004,3.699,0.319,1.781,0.39499999999999996,0.27299999999999996,2.68,3.735,0.236,2.41,1.981,0.151,1.9660000000000002,0.057,0.093,1.0319999999999998,0.834,1.012,2.955,1.313,4.773,1.027,0.477,1.068
N44,2.9890000000000003,3.3460000000000005,3.4059999999999997,3.08,2.9370000000000003,3.0390000000000006,3.513,1.46,4.604000000000001,3.3449999999999998,2.9330000000000003,3.1080000000000005,1.695,2.494,3.177,2.8800000000000003,6.058000000000001,3.099,3.3780000000000006,5.286,5.545,2.813,0.085,2.5940000000000003,2.9490000000000003,3.7920000000000007,3.2030000000000007,2.6580000000000004,3.980000000000001,1.537,4.106000000000001,3.1420000000000003,3.3960000000000004,3.353,2.5949999999999998,2.4699999999999998,0.088,3.2080000000000006,0,3.4490000000000003,2.994,3.777,2.869,0.878,3.2680000000000002,2.027,3.087,0.772,3.0320000000000005,1.1440000000000001,3.3059999999999996,4.902000000000001,2.8649999999999998,2.5700000000000003,5.707,7.222000000000001,2.6490000000000005,4.692,3.9739999999999998,4.333,4.1240000000000006,1.7469999999999999,3.0240000000000005,3.0740000000000003,0.997,3.1700000000000004,4.989,3.255,3.2850000000000006,0.9400000000000001,1.033,3.2530000000000006,1.923,1.257,3.1700000000000004,1.242,3.2640000000000002,3.1150000000000007,3.4030000000000005,3.523,3.4090000000000003,0.253,2.9080000000000004,1.565,3.4150000000000005,3.173,2.98
N45,1.8330000000000002,1.997,1.2460000000000002,2.08,1.8850000000000002,0.672,1.3530000000000002,2.4539999999999997,2.8680000000000003,2.153,1.7770000000000001,1.9540000000000002,2.479,2.216,2.177,1.83,4.322,0.9390000000000001,2.032,2.8000000000000003,2.5410000000000004,2.0410000000000004,3.5340000000000003,2.116,2.1770000000000005,2.056,1.8590000000000002,2.101,2.244,1.9120000000000001,2.37,2.2920000000000003,2.5349999999999997,2.169,0.9750000000000001,1.1,3.5370000000000004,1.854,3.4490000000000003,0,2.716,0.328,2.591,2.571,2.089,1.4220000000000002,1.7360000000000002,3.5279999999999996,1.6780000000000002,3.8999999999999995,1.1460000000000001,3.1660000000000004,0.7050000000000001,1.341,3.2060000000000004,5.486000000000001,2.061,2.9560000000000004,0.785,0.8840000000000001,2.3880000000000003,1.7020000000000002,1.9670000000000003,1.9170000000000003,2.917,1.8210000000000002,3.0970000000000004,2.063,1.941,3.646,2.881,1.9040000000000001,3.613,2.947,1.8190000000000002,2.932,1.911,1.7610000000000001,2.542,2.344,2.522,3.196,0.541,4.941999999999999,2.537,1.987,0.8200000000000001
N46,0.9950000000000001,1.286,1.645,0.863,0.9430000000000001,2.244,1.732,3.9480000000000004,2.61,1.1280000000000001,0.9390000000000001,0.995,1.299,0.5,0.766,0.886,4.064,2.187,1.2510000000000001,3.2920000000000003,3.551,0.819,3.079,0.6,0.8440000000000001,1.798,1.084,0.6639999999999999,1.986,1.8659999999999999,2.112,0.651,0.641,0.942,2.281,2.406,3.0820000000000003,1.214,2.994,2.716,0,3.044,0.125,2.116,0.857,2.356,1.0930000000000002,3.7660000000000005,1.038,4.138000000000001,1.57,2.908,2.011,2.899,3.713,5.228,0.655,2.698,3.501,3.6,2.13,2.076,1.03,1.036,3.4850000000000003,1.122,2.995,1.038,1.1600000000000001,2.4659999999999997,3.5210000000000004,1.197,1.196,1.767,1.1760000000000002,1.752,1.2700000000000002,1.121,0.634,0.8320000000000001,0.654,2.741,2.1750000000000003,4.559,0.646,0.956,2.096
N47,2.1610000000000005,2.325,1.574,2.408,2.2130000000000005,1.0,1.681,2.782,3.196,2.4809999999999994,2.1050000000000004,2.282,2.8070000000000004,2.5440000000000005,2.505,2.1580000000000004,4.65,1.267,2.3600000000000003,2.472,2.213,2.3690000000000007,3.862,2.4440000000000004,2.505000000000001,2.384,2.187,2.4290000000000003,2.572,2.24,2.698,2.62,2.8629999999999995,2.4969999999999994,1.303,1.428,3.865,2.1820000000000004,3.777,0.328,3.0440000000000005,0,2.9190000000000005,2.899,2.417,1.75,2.064,3.856,2.0060000000000002,4.228,1.474,3.494,1.033,1.669,2.878,5.814,2.3890000000000002,3.0660000000000003,0.457,0.556,2.716,2.0300000000000002,2.295,2.245,3.245,2.149,2.769,2.3909999999999996,2.2689999999999997,3.974,3.209,2.232,3.9410000000000003,3.2750000000000004,2.1470000000000002,3.2600000000000002,2.2390000000000003,2.0890000000000004,2.8699999999999997,2.6719999999999997,2.8499999999999996,3.524,0.869,5.27,2.8649999999999998,2.315,1.148
N48,0.8700000000000001,1.1609999999999998,1.52,0.738,0.8180000000000001,2.119,1.607,3.8230000000000004,2.485,1.003,0.8140000000000001,0.87,1.174,0.375,0.641,0.761,3.939,2.062,1.126,3.1670000000000003,3.426,0.694,2.954,0.475,0.7190000000000001,1.673,0.959,0.5389999999999999,1.861,1.7409999999999999,1.987,0.526,0.766,0.817,2.156,2.281,2.9570000000000003,1.089,2.869,2.591,0.125,2.919,0,1.991,0.732,2.231,0.9680000000000001,3.6410000000000005,0.913,4.013000000000001,1.445,2.783,1.8860000000000001,2.774,3.588,5.103,0.53,2.573,3.376,3.475,2.005,1.9509999999999998,0.905,0.911,3.3600000000000003,0.997,2.87,0.9129999999999999,1.035,2.3409999999999997,3.3960000000000004,1.0719999999999998,1.321,1.642,1.0510000000000002,1.627,1.1450000000000002,0.996,0.759,0.9570000000000001,0.779,2.616,2.0500000000000003,4.434,0.771,0.831,1.971
N49,2.111,2.4680000000000004,2.528,2.202,2.059,2.1610000000000005,2.6350000000000002,1.832,3.726000000000001,2.4669999999999996,2.055,2.2300000000000004,0.817,1.616,2.299,2.0020000000000002,5.180000000000001,2.221,2.5000000000000004,4.408,4.667000000000001,1.9350000000000003,0.963,1.7160000000000002,2.071,2.9140000000000006,2.3250000000000006,1.7800000000000002,3.1020000000000008,0.659,3.2280000000000006,2.2640000000000002,2.5180000000000002,2.475,1.717,1.592,0.966,2.3300000000000005,0.878,2.571,2.116,2.899,1.991,0,2.39,1.149,2.209,1.65,2.1540000000000004,2.022,2.428,4.024000000000001,1.987,1.6920000000000002,4.829000000000001,6.344000000000001,1.7710000000000001,3.814000000000001,3.356,3.455,3.246000000000001,0.869,2.1460000000000004,2.196,1.369,2.2920000000000003,4.111000000000001,2.377,2.4070000000000005,1.0779999999999998,1.405,2.3750000000000004,1.045,0.379,2.2920000000000003,0.364,2.386,2.2370000000000005,2.5250000000000004,2.645,2.531,0.625,2.0300000000000002,2.443,2.5370000000000004,2.295,2.1020000000000003
N5,0.44699999999999995,0.43200000000000005,1.01,0.188,0.491,1.609,1.097,4.085000000000001,1.9749999999999996,0.274,0.503,0.32,1.573,0.7739999999999999,0.091,0.548,3.4289999999999994,1.552,0.397,2.657,2.916,0.455,3.3529999999999998,0.6739999999999999,0.319,1.1629999999999998,0.22999999999999998,0.61,1.3509999999999998,2.1399999999999997,1.4769999999999999,0.20600000000000002,0.446,0.085,1.6540000000000001,1.7790000000000001,3.356,0.579,3.268,2.089,0.857,2.417,0.732,2.3899999999999997,0,2.4290000000000003,0.353,4.04,0.411,4.412,0.9430000000000001,2.2729999999999997,1.3840000000000001,2.9720000000000004,3.078,4.593,0.65,2.0629999999999997,2.8739999999999997,2.973,1.4949999999999997,2.3499999999999996,0.404,0.361,3.7589999999999995,0.26799999999999996,2.36,0.184,0.306,2.7399999999999998,3.7949999999999995,0.34299999999999997,2.053,2.041,0.428,2.026,0.522,0.486,0.453,0.255,0.433,3.0149999999999997,1.548,4.833,0.448,0.102,1.461
N50,2.173,2.3369999999999997,1.586,2.4199999999999995,2.225,1.012,1.693,1.6560000000000001,3.208,2.492999999999999,2.117,2.2939999999999996,1.057,1.8559999999999999,2.5169999999999995,2.17,4.662,1.279,2.372,3.8900000000000006,3.963,2.175,2.112,1.956,2.311,2.396,2.1989999999999994,2.02,2.584,0.49,2.71,2.504,2.758,2.508999999999999,1.1280000000000001,1.0030000000000001,2.115,2.194,2.027,1.4220000000000002,2.356,1.7500000000000002,2.231,1.149,2.4289999999999994,0,2.0759999999999996,2.7300000000000004,2.018,3.1020000000000003,1.486,3.5060000000000002,1.045,0.543,4.311,5.8260000000000005,2.011,3.2960000000000003,2.2070000000000003,2.306,2.728,0.28,2.3069999999999995,2.2569999999999997,2.119,2.1609999999999996,3.5930000000000004,2.402999999999999,2.2809999999999993,2.2239999999999998,2.083,2.2439999999999998,2.191,1.525,2.159,1.51,2.251,2.101,2.765,2.6839999999999993,2.771,1.774,0.881,3.592,2.777,2.3269999999999995,1.16
N51,0.098,0.261,0.665,0.344,0.15,1.264,0.752,3.732,1.63,0.41700000000000004,0.154,0.218,1.392,0.593,0.44099999999999995,0.207,3.0839999999999996,1.207,0.29600000000000004,2.3120000000000003,2.571,0.306,3.172,0.493,0.442,0.818,0.123,0.46099999999999997,1.006,1.9589999999999999,1.1320000000000001,0.5559999999999999,0.799,0.433,1.3010000000000002,1.4260000000000002,3.1750000000000003,0.23399999999999999,3.087,1.7360000000000002,1.093,2.064,0.968,2.209,0.353,2.076,0,3.8590000000000004,0.058,4.231000000000001,0.5900000000000001,1.928,1.0310000000000001,2.619,2.733,4.247999999999999,0.438,1.718,2.521,2.62,1.15,2.149,0.23099999999999998,0.181,3.5780000000000003,0.085,2.015,0.327,0.20500000000000002,2.5589999999999997,3.6140000000000003,0.168,2.2889999999999997,1.8599999999999999,0.083,1.845,0.177,0.14100000000000001,0.806,0.608,0.786,2.834,1.195,4.652,0.801,0.251,1.116
N52,3.7609999999999997,4.117999999999999,4.178,3.8519999999999994,3.7089999999999996,3.742000000000001,4.285,1.074,5.3759999999999994,4.116999999999999,3.7049999999999996,3.88,2.4669999999999996,3.2659999999999996,3.9489999999999994,3.6519999999999997,6.829999999999999,3.8710000000000004,4.15,6.057999999999999,6.069000000000001,3.5849999999999995,0.7090000000000001,3.3659999999999997,3.7209999999999996,4.564,3.975,3.4299999999999997,4.752,2.309,4.878,3.9139999999999997,4.167999999999999,4.124999999999999,3.367,3.242,0.684,3.98,0.772,3.5280000000000005,3.7659999999999996,3.8560000000000003,3.6409999999999996,1.65,4.039999999999999,2.7300000000000004,3.8589999999999995,0,3.804,0.372,4.078,5.6739999999999995,3.637,2.1870000000000003,6.478999999999999,7.994,3.421,5.4639999999999995,3.588,4.412000000000001,4.896,2.519,3.796,3.8459999999999996,0.611,3.9419999999999997,5.760999999999999,4.026999999999999,4.057,1.712,0.647,4.0249999999999995,2.695,2.029,3.9419999999999997,2.014,4.036,3.887,4.174999999999999,4.294999999999999,4.180999999999999,1.025,3.6110000000000007,1.4140000000000001,4.1869999999999985,3.9449999999999994,3.7520000000000002
N53,0.155,0.31900000000000006,0.607,0.402,0.207,1.206,0.694,3.674,1.5719999999999998,0.475,0.099,0.276,1.3370000000000002,0.538,0.499,0.152,3.026,1.149,0.3540000000000001,2.2539999999999996,2.5129999999999995,0.363,3.1170000000000004,0.438,0.499,0.76,0.18100000000000002,0.423,0.948,1.9040000000000001,1.0739999999999998,0.614,0.8570000000000001,0.491,1.243,1.368,3.1200000000000006,0.176,3.0320000000000005,1.678,1.038,2.006,0.913,2.1540000000000004,0.41100000000000003,2.018,0.058,3.8040000000000007,0,4.176000000000001,0.532,1.8699999999999999,0.9730000000000001,2.561,2.675,4.1899999999999995,0.383,1.6599999999999997,2.4629999999999996,2.562,1.0919999999999999,2.091,0.28900000000000003,0.23900000000000002,3.5230000000000006,0.14300000000000002,1.9569999999999996,0.385,0.263,2.504,3.5590000000000006,0.22600000000000003,2.234,1.8050000000000002,0.14100000000000001,1.7900000000000003,0.23299999999999998,0.083,0.8640000000000001,0.666,0.8440000000000001,2.7790000000000004,1.137,4.597,0.8590000000000001,0.30900000000000005,1.058
N54,4.133,4.49,4.55,4.224,4.081,4.114000000000001,4.657,1.446,5.747999999999999,4.489,4.077,4.252,2.839,3.638,4.321000000000001,4.024,7.201999999999999,4.243,4.521999999999999,6.429999999999999,6.441000000000001,3.957,1.081,3.738,4.093,4.936,4.3469999999999995,3.802,5.124,2.681,5.25,4.286,4.539999999999999,4.497000000000001,3.739,3.614,1.056,4.352,1.1440000000000001,3.9000000000000004,4.138,4.228000000000001,4.013,2.0220000000000002,4.412000000000001,3.1020000000000003,4.231,0.372,4.176,0,4.45,6.045999999999999,4.009,2.559,6.850999999999999,8.366,3.793,5.835999999999999,3.96,4.784000000000001,5.268,2.891,4.168,4.218,0.983,4.314,6.132999999999999,4.399,4.428999999999999,2.0840000000000005,1.019,4.397,3.067,2.4010000000000002,4.314,2.386,4.408,4.259,4.546999999999999,4.667000000000001,4.552999999999999,1.3970000000000002,3.9830000000000005,1.042,4.558999999999998,4.317,4.1240000000000006
N55,0.687,0.851,0.1,0.934,0.7390000000000001,0.6990000000000001,0.20700000000000002,3.142,1.7219999999999998,1.0070000000000001,0.631,0.808,1.8690000000000002,1.07,1.0310000000000001,0.684,3.1759999999999993,0.662,0.886,2.404,2.663,0.8950000000000001,3.391,0.9700000000000001,1.0310000000000001,0.9099999999999999,0.7130000000000001,0.9550000000000001,1.0979999999999999,1.7690000000000001,1.2239999999999998,1.1460000000000001,1.3889999999999998,1.0230000000000001,0.7110000000000001,0.8360000000000001,3.394,0.708,3.306,1.146,1.57,1.474,1.445,2.428,0.9430000000000001,1.486,0.5900000000000001,4.078,0.532,4.45,0,2.0199999999999996,0.441,2.029,2.8249999999999997,4.34,0.915,1.8099999999999996,1.931,2.0300000000000002,1.2419999999999998,1.5590000000000002,0.8210000000000001,0.771,3.605,0.675,2.1069999999999998,0.917,0.795,3.036,3.569,0.758,2.766,2.337,0.673,2.322,0.765,0.615,1.3959999999999997,1.198,1.376,3.053,0.605,4.871,1.3909999999999998,0.8410000000000001,0.551
N56,2.025,1.841,1.9200000000000002,2.264,2.077,2.519,1.8130000000000002,5.162000000000001,0.298,1.9989999999999999,1.9689999999999999,2.144,3.207,2.408,2.3609999999999998,2.022,1.156,2.2680000000000002,1.876,1.138,1.3969999999999998,2.233,4.987,2.308,2.369,1.11,2.049,2.2929999999999997,0.922,3.774,0.798,2.476,2.7189999999999994,2.195,2.731,2.856,4.99,1.694,4.902,3.166,2.908,3.4939999999999998,2.783,4.024,2.2729999999999997,3.5060000000000002,1.928,5.674,1.8699999999999999,6.046,2.02,0,2.461,4.049,1.559,2.916,2.2529999999999997,0.544,3.9509999999999996,3.054,0.778,3.5789999999999997,2.159,2.109,5.393,2.013,0.841,2.089,1.9669999999999999,4.374,5.428999999999999,1.93,4.104,3.675,1.845,3.6599999999999997,1.751,1.787,2.7259999999999995,2.5279999999999996,2.7059999999999995,4.649,2.625,6.4670000000000005,2.7209999999999996,2.171,2.371
N57,1.1280000000000001,1.292,0.541,1.375,1.1800000000000002,0.263,0.648,2.701,2.163,1.4480000000000002,1.072,1.249,1.8949999999999998,1.5110000000000001,1.472,1.125,3.617,0.23399999999999999,1.327,2.845,3.104,1.336,2.95,1.411,1.472,1.351,1.1540000000000001,1.3960000000000001,1.539,1.3279999999999998,1.665,1.587,1.83,1.4640000000000002,0.27,0.395,2.9530000000000003,1.149,2.865,0.7050000000000001,2.011,1.0330000000000001,1.8860000000000001,1.9869999999999999,1.3840000000000001,1.045,1.0310000000000001,3.6370000000000005,0.9730000000000001,4.009,0.441,2.461,0,1.588,3.266,4.781,1.356,2.251,1.4900000000000002,1.5890000000000002,1.6829999999999998,1.1179999999999999,1.2620000000000002,1.2120000000000002,3.164,1.116,2.548,1.358,1.236,3.062,3.128,1.199,3.029,2.363,1.114,2.348,1.206,1.056,1.837,1.6390000000000002,1.8170000000000002,2.612,0.164,4.43,1.832,1.282,0.115
N58,2.716,2.88,2.129,2.9629999999999996,2.7680000000000002,1.555,2.236,1.113,3.7510000000000003,3.035999999999999,2.66,2.8369999999999997,1.6,2.399,3.0599999999999996,2.713,5.205,1.8219999999999998,2.915,4.141,3.882,2.718,2.6550000000000002,2.499,2.854,2.939,2.7419999999999995,2.563,3.1270000000000002,1.0330000000000001,3.253,3.047,3.301,3.051999999999999,1.671,1.546,2.6580000000000004,2.737,2.5700000000000003,1.341,2.899,1.669,2.774,1.6920000000000002,2.9719999999999995,0.543,2.6189999999999998,2.1870000000000003,2.561,2.559,2.029,4.049,1.5879999999999999,0,4.547000000000001,6.369,2.5540000000000003,3.8390000000000004,2.126,2.225,3.2710000000000004,0.8230000000000001,2.8499999999999996,2.8,1.576,2.7039999999999997,4.136,2.9459999999999993,2.8239999999999994,2.767,1.54,2.787,2.734,2.068,2.702,2.053,2.794,2.644,3.3080000000000003,3.2269999999999994,3.314,2.317,1.424,3.601,3.3200000000000003,2.8699999999999997,1.7029999999999998
N59,2.83,2.6459999999999995,2.7249999999999996,3.068999999999999,2.882,3.324,2.6179999999999994,5.66,1.857,2.8039999999999994,2.774,2.9489999999999994,4.0120000000000005,3.213,3.165999999999999,2.827,2.02,3.0729999999999995,2.6809999999999996,0.924,0.665,3.0380000000000003,5.792000000000001,3.113,3.1740000000000004,1.9149999999999996,2.853999999999999,3.098,1.7269999999999996,4.579000000000001,1.6029999999999998,3.2809999999999993,3.5239999999999987,2.999999999999999,3.5359999999999996,3.6609999999999996,5.795000000000001,2.4989999999999997,5.707000000000001,3.206,3.713,2.878,3.588,4.829000000000001,3.077999999999999,4.311,2.7329999999999997,6.479000000000001,2.675,6.851000000000001,2.8249999999999997,1.559,3.2659999999999996,4.547,0,4.475,3.058,1.015,3.335,2.322,1.5829999999999997,4.3839999999999995,2.9639999999999995,2.9139999999999997,6.122999999999999,2.8179999999999996,0.718,2.8939999999999992,2.7719999999999994,5.179,6.087,2.7349999999999994,4.909,4.48,2.6499999999999995,4.465000000000001,2.5559999999999996,2.5919999999999996,3.530999999999999,3.332999999999999,3.510999999999999,5.454000000000001,3.4299999999999997,7.272,3.525999999999999,2.975999999999999,3.1759999999999997
N6,4.345000000000001,4.1610000000000005,4.24,4.584,4.397,4.8389999999999995,4.133,7.481999999999999,2.618,4.319000000000001,4.289000000000001,4.4639999999999995,5.527,4.728,4.681,4.3420000000000005,2.88,4.588,4.196000000000001,4.054,4.313000000000001,4.553,7.307,4.628,4.689,3.43,4.369,4.613,3.242,6.094,3.118,4.796,5.039,4.515,5.051,5.176,7.3100000000000005,4.014,7.222,5.486,5.228,5.814,5.103,6.344,4.593,5.826,4.248,7.994000000000001,4.19,8.366000000000001,4.34,2.916,4.781,6.369,4.475,0,4.573,3.46,6.271,5.970000000000001,3.098,5.899,4.479,4.429,7.713,4.333,3.757,4.409,4.287,6.694,7.749,4.25,6.4239999999999995,5.995,4.165,5.98,4.071000000000001,4.107,5.045999999999999,4.848,5.026,6.969,4.944999999999999,8.787,5.0409999999999995,4.491,4.691
N60,0.34,0.697,0.99,0.462,0.28800000000000003,1.589,1.077,3.6029999999999998,1.9549999999999998,0.727,0.28400000000000003,0.459,0.9540000000000001,0.155,0.559,0.231,3.409,1.532,0.729,2.637,2.896,0.195,2.734,0.055,0.331,1.143,0.554,0.04,1.331,1.521,1.4569999999999999,0.524,0.778,0.735,1.6260000000000001,1.7510000000000001,2.737,0.559,2.649,2.061,0.655,2.389,0.53,1.771,0.65,2.011,0.43800000000000006,3.4210000000000003,0.383,3.793,0.915,2.2529999999999997,1.356,2.5540000000000003,3.058,4.5729999999999995,0,2.0429999999999997,2.8459999999999996,2.945,1.4749999999999999,1.7309999999999999,0.375,0.425,3.1399999999999997,0.521,2.34,0.637,0.636,2.121,3.1759999999999997,0.604,1.851,1.422,0.521,1.407,0.615,0.466,0.785,0.905,0.791,2.396,1.52,4.214,0.797,0.555,1.441
N61,1.815,1.631,1.7099999999999997,2.0540000000000003,1.867,2.3089999999999997,1.6029999999999998,4.952,0.8420000000000001,1.789,1.759,1.934,2.997,2.198,2.1510000000000002,1.8119999999999998,1.7,2.058,1.666,0.594,0.853,2.023,4.777,2.098,2.1590000000000003,0.8999999999999999,1.839,2.0829999999999997,0.712,3.564,0.588,2.2660000000000005,2.509,1.985,2.521,2.646,4.78,1.484,4.692,2.956,2.698,3.066,2.573,3.8139999999999996,2.063,3.2960000000000003,1.718,5.464,1.66,5.836,1.8099999999999998,0.544,2.251,3.8390000000000004,1.015,3.46,2.0429999999999997,0,3.5229999999999997,2.51,0.568,3.3689999999999998,1.949,1.899,5.183,1.803,0.297,1.879,1.757,4.164,5.218999999999999,1.72,3.894,3.465,1.635,3.4499999999999997,1.541,1.577,2.516,2.318,2.496,4.439,2.415,6.257,2.511,1.961,2.1609999999999996
N62,2.6180000000000003,2.782,2.031,2.8649999999999998,2.6700000000000004,1.457,2.1380000000000003,2.514,3.6530000000000005,2.9379999999999993,2.5620000000000003,2.739,3.2640000000000002,3.0010000000000003,2.9619999999999997,2.615,5.107,1.724,2.817,2.929,2.67,2.8260000000000005,4.059,2.9010000000000002,2.9620000000000006,2.841,2.6439999999999997,2.886,3.0290000000000004,2.697,3.1550000000000002,3.077,3.3199999999999994,2.9539999999999993,1.76,1.885,4.062,2.6390000000000002,3.974,0.785,3.5010000000000003,0.457,3.3760000000000003,3.356,2.8739999999999997,2.207,2.521,3.588,2.463,3.96,1.931,3.9510000000000005,1.49,2.126,3.335,6.271000000000001,2.846,3.523,0,1.0130000000000001,3.1730000000000005,2.487,2.752,2.702,2.977,2.606,3.226,2.8479999999999994,2.7259999999999995,4.408,2.941,2.689,4.398000000000001,3.732,2.604,3.717,2.696,2.5460000000000003,3.3269999999999995,3.1289999999999996,3.3069999999999995,3.721,1.326,5.002,3.3219999999999996,2.772,1.605
N63,2.7170000000000005,2.8810000000000002,2.1300000000000003,2.964,2.7690000000000006,1.5560000000000003,2.2370000000000005,3.338,3.3520000000000003,3.0369999999999995,2.6610000000000005,2.838,3.3630000000000004,3.1000000000000005,3.061,2.7140000000000004,4.21,1.8230000000000002,2.9160000000000004,1.916,1.657,2.9250000000000007,4.418,3.0000000000000004,3.061000000000001,2.9400000000000004,2.743,2.9850000000000003,3.1280000000000006,2.7960000000000003,3.0980000000000003,3.176,3.4189999999999996,3.0529999999999995,1.8590000000000002,1.9840000000000002,4.421,2.7380000000000004,4.333,0.8840000000000001,3.6000000000000005,0.556,3.4750000000000005,3.455,2.973,2.306,2.62,4.412,2.5620000000000003,4.784,2.0300000000000002,3.0540000000000003,1.5890000000000002,2.225,2.322,5.970000000000001,2.9450000000000003,2.5100000000000002,1.0130000000000001,0,3.0780000000000003,2.5860000000000003,2.851,2.801,3.801,2.705,2.213,2.9469999999999996,2.8249999999999997,4.53,3.765,2.7880000000000003,4.497000000000001,3.8310000000000004,2.7030000000000003,3.8160000000000003,2.7950000000000004,2.6450000000000005,3.4259999999999997,3.2279999999999998,3.4059999999999997,4.08,1.4250000000000003,5.826,3.421,2.871,1.7040000000000002
N64,1.2469999999999999,1.063,1.142,1.486,1.299,1.7409999999999999,1.035,4.384,0.48,1.2209999999999999,1.1909999999999998,1.3659999999999999,2.429,1.63,1.583,1.2439999999999998,1.934,1.49,1.0979999999999999,1.162,1.4209999999999998,1.4549999999999998,4.209,1.5299999999999998,1.5909999999999997,0.33199999999999996,1.271,1.515,0.144,2.9959999999999996,0.02,1.698,1.9409999999999998,1.417,1.953,2.0780000000000003,4.212,0.9159999999999999,4.124,2.388,2.13,2.7159999999999997,2.005,3.2459999999999996,1.495,2.7279999999999998,1.15,4.896,1.0919999999999999,5.268,1.242,0.778,1.683,3.271,1.583,3.098,1.4749999999999999,0.568,3.1729999999999996,3.078,0,2.801,1.381,1.331,4.614999999999999,1.2349999999999999,0.865,1.311,1.1889999999999998,3.5959999999999996,4.650999999999999,1.152,3.3259999999999996,2.897,1.067,2.8819999999999997,0.973,1.009,1.9479999999999997,1.75,1.928,3.8709999999999996,1.847,5.689,1.9429999999999998,1.393,1.593
N65,2.071,2.41,1.659,2.162,2.019,1.292,1.766,1.936,3.281,2.4269999999999996,2.015,2.1900000000000004,0.7769999999999999,1.576,2.259,1.9620000000000002,4.735,1.3519999999999999,2.4450000000000003,3.9630000000000005,4.222,1.8950000000000002,1.8319999999999999,1.6760000000000002,2.031,2.469,2.272,1.7400000000000002,2.657,0.21,2.783,2.224,2.478,2.435,0.848,0.723,1.835,2.2670000000000003,1.7469999999999999,1.702,2.076,2.03,1.951,0.869,2.35,0.28,2.149,2.519,2.091,2.891,1.559,3.579,1.1179999999999999,0.8230000000000001,4.384,5.899,1.731,3.369,2.4869999999999997,2.586,2.801,0,2.1060000000000003,2.156,2.238,2.234,3.6660000000000004,2.3369999999999997,2.3539999999999996,1.944,2.274,2.317,1.911,1.2449999999999999,2.232,1.23,2.3240000000000003,2.1740000000000004,2.4850000000000003,2.605,2.491,1.494,1.161,3.312,2.4970000000000003,2.255,1.2329999999999999
N66,0.136,0.32200000000000006,0.8960000000000001,0.21600000000000003,0.087,1.495,0.9830000000000001,3.963,1.8609999999999998,0.473,0.192,0.084,1.3290000000000002,0.53,0.31300000000000006,0.144,3.3149999999999995,1.4380000000000002,0.354,2.543,2.802,0.243,3.1090000000000004,0.43,0.34700000000000003,1.049,0.179,0.398,1.2369999999999999,1.8960000000000001,1.363,0.42800000000000005,0.682,0.489,1.532,1.657,3.1120000000000005,0.465,3.0240000000000005,1.967,1.03,2.295,0.905,2.1460000000000004,0.404,2.307,0.23100000000000004,3.7960000000000007,0.28900000000000003,4.168000000000001,0.8210000000000001,2.159,1.262,2.85,2.964,4.478999999999999,0.375,1.9489999999999998,2.752,2.851,1.3809999999999998,2.1060000000000003,0,0.05,3.5150000000000006,0.14600000000000002,2.246,0.383,0.261,2.496,3.5510000000000006,0.22900000000000004,2.226,1.7970000000000002,0.31400000000000006,1.7820000000000003,0.40800000000000003,0.37200000000000005,0.6890000000000001,0.659,0.6950000000000001,2.7710000000000004,1.426,4.589,0.7010000000000001,0.307,1.3470000000000002
N67,0.086,0.272,0.8460000000000001,0.17300000000000001,0.137,1.445,0.933,3.913,1.8109999999999997,0.42799999999999994,0.142,0.041,1.379,0.5800000000000001,0.27,0.194,3.2649999999999997,1.3880000000000001,0.30700000000000005,2.493,2.752,0.29300000000000004,3.1590000000000003,0.48000000000000004,0.30400000000000005,0.9989999999999999,0.134,0.44800000000000006,1.1869999999999998,1.946,1.3129999999999997,0.385,0.639,0.44399999999999995,1.482,1.607,3.1620000000000004,0.415,3.0740000000000003,1.9169999999999998,1.036,2.2449999999999997,0.911,2.196,0.361,2.2569999999999997,0.181,3.8460000000000005,0.239,4.218000000000001,0.771,2.1089999999999995,1.212,2.8,2.9139999999999997,4.428999999999999,0.42500000000000004,1.8989999999999996,2.7019999999999995,2.8009999999999997,1.3309999999999997,2.156,0.05,0,3.5650000000000004,0.096,2.1959999999999997,0.33799999999999997,0.216,2.546,3.6010000000000004,0.179,2.232,1.847,0.264,1.832,0.358,0.322,0.646,0.616,0.652,2.821,1.376,4.639,0.658,0.262,1.2970000000000002
N68,3.48,3.837,3.705,3.5709999999999997,3.428,3.1310000000000002,3.8120000000000003,0.46299999999999997,5.095000000000001,3.8359999999999994,3.424,3.599,2.186,2.985,3.6679999999999997,3.371,6.549,3.3980000000000006,3.869,5.7170000000000005,5.458,3.304,1.082,3.085,3.44,4.283,3.6940000000000004,3.149,4.471,2.028,4.597,3.633,3.887,3.844,3.086,2.961,1.085,3.6990000000000003,0.997,2.917,3.485,3.2449999999999997,3.36,1.369,3.759,2.119,3.578,0.611,3.523,0.983,3.605,5.393000000000001,3.164,1.576,6.123,7.713000000000001,3.14,5.183,2.977,3.8009999999999997,4.615,2.238,3.515,3.565,0,3.661,5.4799999999999995,3.7459999999999996,3.7760000000000002,1.431,0.036,3.744,2.414,1.748,3.661,1.733,3.755,3.6060000000000003,3.894,4.014,3.9,0.744,3.0,2.025,3.906,3.6639999999999997,3.2790000000000004
N69,0.182,0.176,0.75,0.259,0.233,1.349,0.837,3.817,1.7149999999999999,0.33199999999999996,0.238,0.133,1.475,0.676,0.356,0.29000000000000004,3.1689999999999996,1.292,0.211,2.3970000000000002,2.656,0.389,3.2550000000000003,0.5760000000000001,0.39,0.903,0.038,0.544,1.091,2.042,1.217,0.471,0.7140000000000001,0.348,1.3860000000000001,1.5110000000000001,3.2580000000000005,0.319,3.1700000000000004,1.8210000000000002,1.1219999999999999,2.149,0.997,2.2920000000000003,0.268,2.161,0.085,3.9420000000000006,0.14300000000000002,4.314000000000001,0.675,2.013,1.116,2.704,2.818,4.333,0.521,1.803,2.606,2.705,1.2349999999999999,2.234,0.14600000000000002,0.096,3.6610000000000005,0,2.1,0.242,0.12,2.642,3.6970000000000005,0.083,2.3179999999999996,1.943,0.168,1.9280000000000002,0.262,0.226,0.7210000000000001,0.523,0.7010000000000001,2.9170000000000003,1.28,4.735,0.7160000000000001,0.166,1.201
N7,2.1119999999999997,1.9279999999999997,2.007,2.350999999999999,2.1639999999999997,2.6060000000000003,1.9,5.2490000000000006,1.139,2.0859999999999994,2.0559999999999996,2.231,3.2939999999999996,2.4949999999999997,2.447999999999999,2.1089999999999995,1.9969999999999999,2.355,1.9629999999999996,0.297,0.556,2.32,5.074,2.3949999999999996,2.456,1.1969999999999998,2.1359999999999997,2.3799999999999994,1.009,3.8609999999999998,0.885,2.5629999999999993,2.8059999999999987,2.281999999999999,2.818,2.943,5.077,1.7809999999999997,4.989,3.097,2.9949999999999997,2.769,2.8699999999999997,4.111,2.359999999999999,3.593,2.0149999999999997,5.761,1.9569999999999996,6.133,2.107,0.841,2.548,4.136,0.718,3.7569999999999997,2.3399999999999994,0.297,3.226,2.213,0.865,3.666,2.2459999999999996,2.1959999999999997,5.4799999999999995,2.0999999999999996,0,2.1759999999999993,2.054,4.460999999999999,5.515999999999999,2.017,4.191,3.7619999999999996,1.9319999999999997,3.7469999999999994,1.8379999999999996,1.8739999999999997,2.812999999999999,2.614999999999999,2.792999999999999,4.736,2.712,6.554,2.807999999999999,2.257999999999999,2.458
N70,0.42399999999999993,0.248,0.8260000000000001,0.175,0.4700000000000001,1.425,0.913,4.059,1.7909999999999997,0.09,0.4799999999999999,0.29900000000000004,1.56,0.761,0.272,0.5270000000000001,3.244999999999999,1.368,0.213,2.473,2.7319999999999998,0.442,3.34,0.661,0.306,0.9789999999999999,0.20400000000000001,0.597,1.1669999999999998,2.127,1.2929999999999997,0.387,0.63,0.106,1.6280000000000001,1.7530000000000001,3.343,0.39499999999999996,3.255,2.063,1.038,2.391,0.913,2.377,0.184,2.403,0.327,4.027,0.385,4.399,0.917,2.0889999999999995,1.358,2.946,2.8939999999999997,4.409,0.637,1.8789999999999996,2.848,2.947,1.3109999999999997,2.3369999999999997,0.38300000000000006,0.33799999999999997,3.7459999999999996,0.242,2.1759999999999997,0,0.122,2.727,3.7819999999999996,0.159,2.234,2.028,0.244,2.013,0.33799999999999997,0.302,0.637,0.439,0.617,3.002,1.522,4.82,0.632,0.082,1.2770000000000001
N71,0.302,0.128,0.704,0.29700000000000004,0.348,1.303,0.791,3.937,1.6689999999999998,0.212,0.358,0.177,1.59,0.791,0.394,0.40499999999999997,3.1229999999999998,1.246,0.093,2.351,2.61,0.504,3.37,0.6910000000000001,0.42800000000000005,0.857,0.082,0.659,1.045,2.157,1.1709999999999998,0.509,0.7519999999999999,0.22799999999999998,1.506,1.631,3.373,0.273,3.285,1.9409999999999998,1.1600000000000001,2.2689999999999997,1.0350000000000001,2.407,0.306,2.2809999999999997,0.20500000000000002,4.057,0.263,4.429,0.795,1.9669999999999999,1.236,2.824,2.772,4.287,0.636,1.7569999999999997,2.7259999999999995,2.8249999999999997,1.1889999999999998,2.354,0.261,0.216,3.776,0.12,2.054,0.122,0,2.757,3.812,0.037,2.356,2.0580000000000003,0.122,2.043,0.216,0.18,0.7589999999999999,0.5609999999999999,0.7389999999999999,3.032,1.4,4.85,0.7539999999999999,0.20400000000000001,1.155
N72,2.4610000000000003,2.8180000000000005,3.1110000000000007,2.5520000000000005,2.4090000000000003,3.2360000000000007,3.1980000000000004,1.8940000000000001,4.0760000000000005,2.817,2.4050000000000002,2.5800000000000005,1.167,1.9660000000000002,2.6490000000000005,2.3520000000000003,5.53,3.2960000000000003,2.8500000000000005,4.758,5.017,2.285,1.0250000000000001,2.0660000000000003,2.4210000000000003,3.2640000000000007,2.6750000000000007,2.1300000000000003,3.452000000000001,1.734,3.5780000000000007,2.6140000000000003,2.8680000000000003,2.8250000000000006,2.792,2.667,1.028,2.6800000000000006,0.9400000000000001,3.6460000000000004,2.466,3.974,2.341,1.0779999999999998,2.7400000000000007,2.224,2.559,1.7120000000000002,2.5040000000000004,2.084,3.0360000000000005,4.3740000000000006,3.062,2.7670000000000003,5.179,6.694000000000001,2.1210000000000004,4.164000000000001,4.4079999999999995,4.53,3.596000000000001,1.944,2.4960000000000004,2.5460000000000003,1.431,2.6420000000000003,4.461,2.7270000000000003,2.7570000000000006,0,1.467,2.7250000000000005,1.365,0.699,2.6420000000000003,0.714,2.736,2.5870000000000006,2.8750000000000004,2.9950000000000006,2.8810000000000002,0.687,3.1050000000000004,2.505,2.8870000000000005,2.6450000000000005,3.177
N73,3.516,3.873,3.6690000000000005,3.607,3.464,3.0950000000000006,3.7760000000000007,0.427,5.131,3.872,3.46,3.6350000000000002,2.222,3.021,3.704,3.407,6.585,3.362000000000001,3.9050000000000002,5.681000000000001,5.422000000000001,3.34,1.1179999999999999,3.121,3.476,4.319,3.7300000000000004,3.185,4.507,2.064,4.633,3.669,3.923,3.8800000000000003,3.122,2.997,1.121,3.7350000000000003,1.033,2.8810000000000002,3.521,3.209,3.396,1.405,3.7950000000000004,2.083,3.614,0.647,3.559,1.0190000000000001,3.5690000000000004,5.429,3.1280000000000006,1.54,6.087000000000001,7.7490000000000006,3.176,5.218999999999999,2.941,3.765,4.651,2.274,3.551,3.601,0.036,3.697,5.515999999999999,3.782,3.8120000000000003,1.467,0,3.7800000000000002,2.45,1.784,3.697,1.7690000000000001,3.791,3.6420000000000003,3.93,4.050000000000001,3.936,0.78,2.9640000000000004,2.061,3.942,3.7,3.2430000000000008
N74,0.265,0.093,0.667,0.33399999999999996,0.31599999999999995,1.266,0.754,3.9,1.632,0.249,0.321,0.214,1.558,0.759,0.43099999999999994,0.37299999999999994,3.086,1.209,0.128,2.314,2.573,0.472,3.338,0.659,0.46499999999999997,0.82,0.119,0.627,1.008,2.125,1.134,0.5459999999999999,0.789,0.265,1.469,1.594,3.341,0.236,3.253,1.904,1.197,2.2319999999999998,1.072,2.375,0.34299999999999997,2.2439999999999998,0.168,4.025,0.226,4.397,0.758,1.93,1.199,2.787,2.735,4.25,0.604,1.7199999999999998,2.6889999999999996,2.788,1.152,2.317,0.22899999999999998,0.179,3.7439999999999998,0.083,2.017,0.159,0.037,2.725,3.78,0,2.393,2.0260000000000002,0.085,2.011,0.179,0.14300000000000002,0.796,0.598,0.776,3.0,1.363,4.818,0.791,0.241,1.118
N75,2.191,2.482,2.841,2.059,2.139,3.2030000000000003,2.928,2.877,3.8060000000000005,2.324,2.135,2.1910000000000003,1.1340000000000001,1.696,1.962,2.082,5.26,3.263,2.447,4.488,4.747000000000001,2.015,2.008,1.796,2.04,2.994,2.2800000000000002,1.86,3.1820000000000004,1.701,3.3080000000000003,1.847,1.837,2.138,2.759,2.634,2.011,2.41,1.923,3.613,1.196,3.941,1.321,1.045,2.053,2.191,2.2889999999999997,2.6950000000000003,2.234,3.067,2.766,4.104,3.029,2.734,4.909000000000001,6.424,1.851,3.8940000000000006,4.398,4.497,3.3260000000000005,1.911,2.226,2.232,2.4139999999999997,2.318,4.191000000000001,2.234,2.356,1.365,2.4499999999999997,2.393,0,0.666,2.372,0.681,2.4659999999999997,2.317,1.83,2.028,1.8499999999999999,1.67,3.072,3.488,1.842,2.152,3.144
N76,1.7620000000000002,2.119,2.412,1.8530000000000004,1.7100000000000002,2.537,2.499,2.211,3.3770000000000002,2.1180000000000003,1.7060000000000002,1.8810000000000002,0.468,1.2670000000000001,1.9500000000000004,1.6530000000000002,4.831,2.5970000000000004,2.1510000000000002,4.059,4.3180000000000005,1.5860000000000003,1.342,1.3670000000000002,1.7220000000000004,2.565,1.9760000000000002,1.4310000000000003,2.753,1.035,2.879,1.9150000000000005,2.1690000000000005,2.1260000000000003,2.093,1.968,1.3450000000000002,1.981,1.2570000000000001,2.9469999999999996,1.7670000000000001,3.2749999999999995,1.6420000000000001,0.379,2.0410000000000004,1.525,1.8600000000000003,2.0290000000000004,1.8050000000000002,2.4010000000000002,2.337,3.6750000000000003,2.363,2.068,4.48,5.995,1.4220000000000002,3.4650000000000003,3.7319999999999993,3.8309999999999995,2.8970000000000002,1.2449999999999999,1.7970000000000002,1.8470000000000002,1.748,1.9430000000000003,3.7620000000000005,2.0280000000000005,2.0580000000000003,0.699,1.784,2.0260000000000002,0.666,0,1.9430000000000003,0.015,2.0370000000000004,1.8880000000000001,2.1760000000000006,2.2960000000000003,2.1820000000000004,1.004,2.4059999999999997,2.822,2.1880000000000006,1.9460000000000004,2.478
N77,0.181,0.178,0.5820000000000001,0.41900000000000004,0.23299999999999998,1.181,0.669,3.815,1.547,0.33399999999999996,0.237,0.29900000000000004,1.475,0.676,0.516,0.29,3.001,1.124,0.213,2.2289999999999996,2.4879999999999995,0.389,3.2550000000000003,0.5760000000000001,0.525,0.735,0.20400000000000001,0.544,0.923,2.042,1.049,0.631,0.874,0.35,1.3840000000000001,1.5090000000000001,3.2580000000000005,0.151,3.1700000000000004,1.819,1.1760000000000002,2.147,1.0510000000000002,2.2920000000000003,0.428,2.159,0.083,3.9420000000000006,0.14100000000000001,4.314000000000001,0.673,1.845,1.114,2.702,2.6499999999999995,4.165,0.521,1.6349999999999998,2.6039999999999996,2.703,1.067,2.232,0.314,0.264,3.6610000000000005,0.168,1.9319999999999997,0.244,0.122,2.642,3.6970000000000005,0.085,2.372,1.943,0,1.9280000000000002,0.094,0.058,0.881,0.683,0.861,2.9170000000000003,1.278,4.735,0.876,0.326,1.0330000000000001
N78,1.747,2.104,2.3970000000000002,1.8380000000000003,1.695,2.5220000000000002,2.484,2.196,3.362,2.103,1.691,1.866,0.453,1.252,1.9350000000000003,1.6380000000000001,4.816,2.582,2.136,4.0440000000000005,4.303000000000001,1.5710000000000002,1.327,1.352,1.7070000000000003,2.55,1.961,1.4160000000000001,2.738,1.02,2.864,1.9000000000000004,2.1540000000000004,2.111,2.078,1.9529999999999998,1.33,1.966,1.242,2.932,1.752,3.26,1.627,0.364,2.0260000000000002,1.51,1.8450000000000002,2.0140000000000002,1.79,2.386,2.322,3.66,2.348,2.053,4.465,5.98,1.407,3.45,3.7169999999999996,3.816,2.882,1.23,1.782,1.832,1.733,1.9280000000000002,3.7470000000000003,2.0130000000000003,2.043,0.714,1.7690000000000001,2.011,0.681,0.015,1.9280000000000002,0,2.0220000000000002,1.873,2.1610000000000005,2.281,2.1670000000000003,0.989,2.391,2.807,2.1730000000000005,1.9310000000000003,2.463
N79,0.275,0.09,0.674,0.513,0.327,1.273,0.5750000000000001,3.907,1.4529999999999998,0.248,0.331,0.393,1.569,0.77,0.61,0.384,2.907,1.03,0.125,2.135,2.3939999999999997,0.483,3.3489999999999998,0.67,0.619,0.641,0.298,0.638,0.829,2.136,0.955,0.725,0.9680000000000001,0.44399999999999995,1.476,1.601,3.352,0.057,3.264,1.911,1.27,2.239,1.145,2.3859999999999997,0.522,2.251,0.177,4.036,0.23299999999999998,4.4079999999999995,0.765,1.751,1.206,2.794,2.556,4.071,0.615,1.541,2.6959999999999997,2.795,0.973,2.324,0.408,0.358,3.755,0.262,1.8379999999999999,0.33799999999999997,0.216,2.7359999999999998,3.791,0.179,2.466,2.037,0.094,2.022,0,0.15,0.9750000000000001,0.777,0.9550000000000001,3.0109999999999997,1.3699999999999999,4.829,0.9700000000000001,0.42,1.125
N8,0.238,0.23600000000000002,0.524,0.4770000000000001,0.29,1.123,0.611,3.757,1.4889999999999999,0.392,0.182,0.357,1.42,0.621,0.5740000000000001,0.235,2.9429999999999996,1.066,0.271,2.171,2.4299999999999997,0.44599999999999995,3.2,0.521,0.582,0.6769999999999999,0.262,0.506,0.865,1.9869999999999999,0.991,0.6890000000000001,0.932,0.40800000000000003,1.326,1.451,3.2030000000000003,0.093,3.115,1.7610000000000001,1.121,2.089,0.996,2.237,0.48600000000000004,2.101,0.14100000000000001,3.8870000000000005,0.083,4.259,0.615,1.787,1.056,2.644,2.5919999999999996,4.106999999999999,0.46599999999999997,1.577,2.546,2.645,1.009,2.174,0.37200000000000005,0.32200000000000006,3.606,0.22600000000000003,1.8739999999999999,0.30200000000000005,0.18000000000000002,2.5869999999999997,3.642,0.14300000000000002,2.317,1.888,0.058,1.873,0.15,0,0.9390000000000001,0.7410000000000001,0.919,2.862,1.22,4.68,0.934,0.38400000000000006,0.9750000000000001
N80,0.732,0.8849999999999999,1.463,0.473,0.7460000000000001,2.0620000000000003,1.5499999999999998,4.357,2.4279999999999995,0.7269999999999999,0.788,0.605,1.7080000000000002,0.9090000000000001,0.376,0.8030000000000002,3.8819999999999997,2.005,0.8499999999999999,3.11,3.3689999999999998,0.5900000000000001,3.488,0.8090000000000002,0.454,1.6159999999999997,0.6829999999999999,0.7450000000000001,1.8039999999999996,2.2750000000000004,1.9299999999999997,0.261,0.007,0.5379999999999999,2.107,2.232,3.491,1.0319999999999998,3.403,2.542,0.634,2.8699999999999997,0.759,2.525,0.45299999999999996,2.7650000000000006,0.8059999999999999,4.175,0.864,4.547,1.396,2.7259999999999995,1.837,3.3080000000000007,3.5309999999999997,5.045999999999999,0.7850000000000001,2.5159999999999996,3.3269999999999995,3.4259999999999997,1.9479999999999995,2.4850000000000003,0.689,0.646,3.894,0.721,2.8129999999999997,0.6369999999999999,0.7589999999999999,2.875,3.93,0.7959999999999999,1.83,2.176,0.8809999999999999,2.161,0.9749999999999999,0.939,0,0.19799999999999998,0.02,3.15,2.001,4.968,0.012,0.5549999999999999,1.9140000000000001
N81,0.702,0.687,1.2650000000000001,0.44299999999999995,0.7459999999999999,1.864,1.3519999999999999,4.34,2.2299999999999995,0.529,0.758,0.575,1.8280000000000003,1.0290000000000001,0.346,0.8029999999999999,3.6839999999999993,1.807,0.652,2.912,3.171,0.71,3.608,0.929,0.574,1.418,0.485,0.865,1.6059999999999999,2.3950000000000005,1.7319999999999998,0.445,0.191,0.34,1.909,2.034,3.611,0.834,3.523,2.344,0.8320000000000001,2.6719999999999997,0.9570000000000001,2.645,0.255,2.684,0.608,4.295,0.666,4.667,1.198,2.5279999999999996,1.639,3.2270000000000003,3.3329999999999997,4.847999999999999,0.905,2.3179999999999996,3.1289999999999996,3.2279999999999998,1.7499999999999998,2.6050000000000004,0.6589999999999999,0.616,4.014,0.523,2.6149999999999998,0.439,0.5609999999999999,2.995,4.05,0.598,2.028,2.2960000000000003,0.6829999999999999,2.281,0.7769999999999999,0.741,0.198,0,0.178,3.27,1.803,5.088,0.193,0.357,1.7160000000000002
N82,0.738,0.865,1.443,0.479,0.7520000000000001,2.0420000000000003,1.53,4.363,2.408,0.707,0.794,0.611,1.7140000000000002,0.9150000000000001,0.382,0.8090000000000002,3.862,1.985,0.83,3.0900000000000003,3.349,0.5960000000000001,3.494,0.8150000000000002,0.46,1.596,0.663,0.7510000000000001,1.784,2.281,1.9100000000000001,0.267,0.013,0.518,2.087,2.212,3.4970000000000003,1.012,3.4090000000000003,2.5220000000000002,0.654,2.85,0.779,2.531,0.433,2.771,0.786,4.181,0.8440000000000001,4.553,1.3760000000000001,2.706,1.8170000000000002,3.314,3.511,5.026,0.7910000000000001,2.496,3.307,3.406,1.928,2.491,0.695,0.652,3.9000000000000004,0.7010000000000001,2.793,0.617,0.739,2.8810000000000002,3.9360000000000004,0.776,1.85,2.1820000000000004,0.861,2.1670000000000003,0.955,0.919,0.02,0.178,0,3.156,1.981,4.974,0.015,0.535,1.8940000000000001
N83,2.736,3.0930000000000004,3.153,2.827,2.684,2.7860000000000005,3.2600000000000002,1.207,4.351000000000001,3.0919999999999996,2.68,2.8550000000000004,1.442,2.241,2.924,2.6270000000000002,5.805000000000001,2.846,3.1250000000000004,5.033,5.292000000000001,2.56,0.338,2.341,2.696,3.5390000000000006,2.9500000000000006,2.4050000000000002,3.7270000000000008,1.284,3.8530000000000006,2.8890000000000002,3.1430000000000002,3.1,2.342,2.217,0.34099999999999997,2.9550000000000005,0.253,3.196,2.741,3.524,2.616,0.625,3.015,1.774,2.834,1.025,2.7790000000000004,1.3969999999999998,3.053,4.649000000000001,2.612,2.317,5.454000000000001,6.969000000000001,2.3960000000000004,4.439000000000001,3.721,4.08,3.871000000000001,1.494,2.7710000000000004,2.821,0.744,2.9170000000000003,4.736000000000001,3.002,3.0320000000000005,0.687,0.78,3.0000000000000004,1.67,1.004,2.9170000000000003,0.989,3.011,2.8620000000000005,3.1500000000000004,3.27,3.156,0,2.6550000000000002,1.818,3.1620000000000004,2.92,2.7270000000000003
N84,1.292,1.456,0.705,1.5390000000000001,1.344,0.131,0.8119999999999999,2.537,2.327,1.6119999999999999,1.236,1.413,1.938,1.675,1.6360000000000001,1.289,3.7809999999999997,0.398,1.4909999999999999,3.009,3.082,1.5,2.9930000000000003,1.575,1.6360000000000001,1.515,1.318,1.56,1.7029999999999998,1.371,1.8289999999999997,1.7510000000000001,1.9940000000000002,1.628,0.43400000000000005,0.559,2.9960000000000004,1.313,2.9080000000000004,0.541,2.175,0.869,2.05,2.0300000000000002,1.5480000000000003,0.881,1.195,3.6109999999999998,1.137,3.9829999999999997,0.605,2.625,0.164,1.424,3.4299999999999997,4.945,1.52,2.4149999999999996,1.326,1.425,1.8469999999999998,1.161,1.4260000000000002,1.3760000000000001,3.0,1.28,2.7119999999999997,1.5219999999999998,1.4,3.105,2.964,1.363,3.072,2.406,1.278,2.391,1.3699999999999999,1.22,2.0010000000000003,1.8030000000000004,1.9810000000000003,2.6550000000000002,0,4.473000000000001,1.9960000000000002,1.4460000000000002,0.279
N85,4.553999999999999,4.911,4.970999999999999,4.6450000000000005,4.502,4.604000000000001,5.077999999999999,2.4880000000000004,6.168999999999999,4.91,4.497999999999999,4.672999999999999,3.26,4.059,4.742000000000001,4.444999999999999,7.622999999999998,4.664,4.942999999999999,6.850999999999998,7.1099999999999985,4.378,1.48,4.159,4.514,5.356999999999999,4.767999999999999,4.223,5.544999999999999,3.1020000000000003,5.670999999999999,4.707,4.961,4.918000000000001,4.16,4.035,1.505,4.773,1.565,4.942,4.559,5.2700000000000005,4.434,2.443,4.833000000000001,3.5920000000000005,4.651999999999999,1.4140000000000001,4.5969999999999995,1.042,4.8709999999999996,6.466999999999999,4.43,3.6010000000000004,7.2719999999999985,8.786999999999999,4.2139999999999995,6.256999999999999,5.002000000000001,5.8260000000000005,5.688999999999999,3.3120000000000003,4.5889999999999995,4.638999999999999,2.0250000000000004,4.734999999999999,6.5539999999999985,4.82,4.849999999999999,2.505,2.0610000000000004,4.818,3.488,2.822,4.734999999999999,2.807,4.829,4.68,4.968,5.088000000000001,4.974,1.818,4.473000000000001,0,4.9799999999999995,4.738,4.545
N86,0.744,0.88,1.4580000000000002,0.485,0.7580000000000001,2.0570000000000004,1.545,4.369,2.4229999999999996,0.722,0.8,0.617,1.7200000000000002,0.9210000000000002,0.388,0.8150000000000002,3.877,2.0,0.845,3.105,3.364,0.6020000000000001,3.5,0.8210000000000002,0.466,1.6109999999999998,0.678,0.7570000000000001,1.7989999999999997,2.287,1.9249999999999998,0.273,0.019,0.533,2.1020000000000003,2.2270000000000003,3.503,1.027,3.415,2.537,0.646,2.8649999999999998,0.771,2.537,0.448,2.777,0.801,4.187,0.8590000000000001,4.559,1.391,2.7209999999999996,1.832,3.3200000000000003,3.526,5.0409999999999995,0.7970000000000002,2.5109999999999997,3.3219999999999996,3.421,1.9429999999999996,2.497,0.701,0.658,3.9059999999999997,0.7160000000000001,2.808,0.632,0.754,2.887,3.9419999999999997,0.791,1.842,2.188,0.876,2.173,0.97,0.934,0.012,0.193,0.015,3.162,1.996,4.98,0,0.55,1.9090000000000003
N87,0.348,0.32999999999999996,0.908,0.093,0.394,1.507,0.9949999999999999,3.983,1.8729999999999998,0.172,0.40399999999999997,0.223,1.478,0.6789999999999999,0.19,0.451,3.327,1.45,0.295,2.555,2.814,0.36,3.258,0.579,0.224,1.061,0.128,0.515,1.2489999999999999,2.045,1.375,0.305,0.5479999999999999,0.187,1.552,1.677,3.261,0.4769999999999999,3.173,1.987,0.956,2.315,0.831,2.295,0.102,2.327,0.251,3.9450000000000003,0.309,4.317,0.841,2.171,1.282,2.87,2.976,4.491,0.555,1.9609999999999999,2.772,2.871,1.3929999999999998,2.255,0.307,0.262,3.6639999999999997,0.166,2.258,0.082,0.20400000000000001,2.645,3.6999999999999997,0.24100000000000002,2.152,1.946,0.326,1.931,0.41999999999999993,0.384,0.5549999999999999,0.357,0.5349999999999999,2.92,1.446,4.7379999999999995,0.5499999999999999,0,1.359
N9,1.213,1.211,0.451,1.4520000000000002,1.2650000000000001,0.148,0.558,2.8160000000000003,2.073,1.3670000000000002,1.157,1.332,2.01,1.596,1.5490000000000002,1.21,3.527,0.119,1.246,2.7550000000000003,3.0140000000000002,1.421,3.0650000000000004,1.496,1.557,1.2610000000000001,1.237,1.481,1.449,1.443,1.5750000000000002,1.6640000000000001,1.907,1.3830000000000002,0.385,0.51,3.0680000000000005,1.068,2.9800000000000004,0.8200000000000001,2.096,1.1480000000000001,1.971,2.1020000000000003,1.4610000000000003,1.1600000000000001,1.116,3.7520000000000007,1.058,4.1240000000000006,0.551,2.371,0.115,1.7030000000000003,3.176,4.691,1.441,2.161,1.6050000000000002,1.7040000000000002,1.593,1.233,1.3470000000000002,1.2970000000000002,3.2790000000000004,1.201,2.458,1.2770000000000001,1.155,3.1769999999999996,3.2430000000000003,1.118,3.1439999999999997,2.4779999999999998,1.0330000000000001,2.4629999999999996,1.125,0.9750000000000001,1.914,1.7160000000000002,1.8940000000000001,2.7270000000000003,0.279,4.545,1.909,1.3590000000000002,0
